{
  "rectangle": {
    "x1": 552,
    "y1": 543,
    "x2": 1095,
    "y2": 912
  },
  "plate_type": "96",
  "calibration_dots": [
    [
      595,
      152
    ],
    [
      683,
      154
    ],
    [
      778,
      159
    ],
    [
      873,
      162
    ],
    [
      976,
      159
    ],
    [
      1061,
      159
    ],
    [
      586,
      245
    ],
    [
      673,
      252
    ],
    [
      776,
      250
    ],
    [
      872,
      248
    ],
    [
      973,
      248
    ],
    [
      1057,
      255
    ],
    [
      583,
      340
    ],
    [
      679,
      343
    ],
    [
      771,
      344
    ],
    [
      872,
      344
    ],
    [
      967,
      343
    ],
    [
      1065,
      344
    ],
    [
      585,
      441
    ],
    [
      669,
      436
    ],
    [
      776,
      442
    ],
    [
      871,
      439
    ],
    [
      969,
      441
    ],
    [
      1071,
      439
    ]
  ],
  "corners": [
    [
      559,
      543
    ],
    [
      1095,
      550
    ],
    [
      1095,
      912
    ],
    [
      552,
      902
    ]
  ],
  "baseline_colors": [
    [
      [
        165.484375,
        168.140625,
        154.8125
      ],
      [
        159.21875,
        161.640625,
        148.25
      ],
      [
        155.73585510253906,
        157.73585510253906,
        144.6226348876953
      ],
      [
        159.39999389648438,
        161.52000427246094,
        148.39999389648438
      ],
      [
        157.1836700439453,
        159.1836700439453,
        145.93878173828125
      ],
      [
        154.89999389648438,
        156.89999389648438,
        142.9499969482422
      ],
      [
        152.1750030517578,
        153.97500610351562,
        140.22500610351562
      ],
      [
        155.3518524169922,
        157.3518524169922,
        143.4629669189453
      ],
      [
        158.3235321044922,
        160.3235321044922,
        146.8235321044922
      ],
      [
        156.7111053466797,
        158.7111053466797,
        145.7111053466797
      ],
      [
        142.61363220214844,
        143.77272033691406,
        131.02272033691406
      ],
      [
        158.97825622558594,
        161.13043212890625,
        150.06521606445312
      ]
    ],
    [
      [
        163.82142639160156,
        166.0,
        153.0
      ],
      [
        160.5,
        162.56521606445312,
        149.5
      ],
      [
        159.67164611816406,
        161.67164611816406,
        148.11940002441406
      ],
      [
        157.54930114746094,
        159.54930114746094,
        146.14083862304688
      ],
      [
        154.515625,
        156.515625,
        142.921875
      ],
      [
        154.13636779785156,
        156.1212158203125,
        142.22727966308594
      ],
      [
        156.1666717529297,
        158.1666717529297,
        144.43333435058594
      ],
      [
        157.39344787597656,
        159.39344787597656,
        145.7213134765625
      ],
      [
        159.2553253173828,
        161.2553253173828,
        147.85105895996094
      ],
      [
        151.0749969482422,
        153.0749969482422,
        139.875
      ],
      [
        160.85714721679688,
        162.85714721679688,
        150.0
      ],
      [
        158.1764678955078,
        160.1764678955078,
        149.1372528076172
      ]
    ],
    [
      [
        167.05357360839844,
        169.9642791748047,
        156.9107208251953
      ],
      [
        164.9166717529297,
        167.0833282470703,
        153.9166717529297
      ],
      [
        166.43902587890625,
        168.73170471191406,
        155.26829528808594
      ],
      [
        163.10000610351562,
        165.10000610351562,
        151.4499969482422
      ],
      [
        160.52459716796875,
        162.52459716796875,
        149.34426879882812
      ],
      [
        158.46665954589844,
        160.53334045410156,
        147.11666870117188
      ],
      [
        157.6271209716797,
        159.6271209716797,
        146.25424194335938
      ],
      [
        159.63157653808594,
        161.63157653808594,
        147.6842041015625
      ],
      [
        162.0749969482422,
        164.0749969482422,
        150.97500610351562
      ],
      [
        153.09756469726562,
        155.65853881835938,
        143.4146270751953
      ],
      [
        156.41175842285156,
        158.41175842285156,
        145.8235321044922
      ],
      [
        159.92308044433594,
        162.84616088867188,
        151.8076934814453
      ]
    ],
    [
      [
        168.6521759033203,
        170.93478393554688,
        157.86956787109375
      ],
      [
        161.60000610351562,
        163.72000122070312,
        150.6199951171875
      ],
      [
        164.45713806152344,
        166.971435546875,
        153.3428497314453
      ],
      [
        161.03390502929688,
        164.08474731445312,
        150.5932159423828
      ],
      [
        159.5625,
        161.7916717529297,
        148.1458282470703
      ],
      [
        160.98304748535156,
        163.35592651367188,
        149.559326171875
      ],
      [
        160.26785278320312,
        162.26785278320312,
        149.2142791748047
      ],
      [
        158.98245239257812,
        160.92982482910156,
        147.80702209472656
      ],
      [
        157.375,
        159.375,
        146.5
      ],
      [
        165.0465087890625,
        167.0465087890625,
        153.906982421875
      ],
      [
        155.81817626953125,
        158.1212158203125,
        146.21212768554688
      ],
      [
        160.17308044433594,
        162.67308044433594,
        151.51922607421875
      ]
    ],
    [
      [
        165.28260803222656,
        167.86956787109375,
        156.0
      ],
      [
        165.92982482910156,
        168.4736785888672,
        155.42105102539062
      ],
      [
        165.39285278320312,
        167.39285278320312,
        154.39285278320312
      ],
      [
        165.76364135742188,
        168.63636779785156,
        155.30909729003906
      ],
      [
        163.49057006835938,
        165.49057006835938,
        152.3207550048828
      ],
      [
        165.6052703857422,
        167.6052703857422,
        154.6052703857422
      ],
      [
        164.5,
        166.5,
        154.3125
      ],
      [
        156.52777099609375,
        158.52777099609375,
        145.52777099609375
      ],
      [
        163.06521606445312,
        165.06521606445312,
        152.1521759033203
      ],
      [
        159.74359130859375,
        161.74359130859375,
        148.92308044433594
      ],
      [
        158.78260803222656,
        160.78260803222656,
        149.43478393554688
      ],
      [
        162.92453002929688,
        165.6792449951172,
        154.49057006835938
      ]
    ],
    [
      [
        172.625,
        175.0416717529297,
        163.2708282470703
      ],
      [
        166.35556030273438,
        168.53334045410156,
        155.8222198486328
      ],
      [
        167.06976318359375,
        169.13954162597656,
        156.2558135986328
      ],
      [
        168.36734008789062,
        170.36734008789062,
        157.4081573486328
      ],
      [
        167.65957641601562,
        169.65957641601562,
        157.48936462402344
      ],
      [
        160.6999969482422,
        162.6999969482422,
        149.6999969482422
      ],
      [
        161.3249969482422,
        163.375,
        150.35000610351562
      ],
      [
        162.85000610351562,
        164.85000610351562,
        151.97500610351562
      ],
      [
        168.78378295898438,
        170.78378295898438,
        158.21621704101562
      ],
      [
        160.8292694091797,
        162.8292694091797,
        150.80487060546875
      ],
      [
        164.7857208251953,
        166.7857208251953,
        155.0238037109375
      ],
      [
        165.2083282470703,
