{
  "rectangle": {
    "x1": 531,
    "y1": 551,
    "x2": 1086,
    "y2": 942
  },
  "plate_type": "96",
  "calibration_dots": [
    [
      595,
      152
    ],
    [
      683,
      154
    ],
    [
      778,
      159
    ],
    [
      899,
      175
    ],
    [
      976,
      159
    ],
    [
      1074,
      183
    ],
    [
      586,
      245
    ],
    [
      673,
      252
    ],
    [
      776,
      250
    ],
    [
      881,
      266
    ],
    [
      973,
      248
    ],
    [
      1060,
      285
    ],
    [
      583,
      340
    ],
    [
      679,
      343
    ],
    [
      771,
      344
    ],
    [
      855,
      377
    ],
    [
      989,
      359
    ],
    [
      1072,
      375
    ],
    [
      585,
      441
    ],
    [
      669,
      436
    ],
    [
      776,
      442
    ],
    [
      871,
      439
    ],
    [
      969,
      441
    ],
    [
      1073,
      461
    ]
  ],
  "corners": [
    [
      557,
      551
    ],
    [
      1086,
      582
    ],
    [
      1069,
      942
    ],
    [
      531,
      910
    ]
  ],
  "baseline_colors": [
    [
      [
        157.25,
        161.38888549804688,
        149.19444274902344
      ],
      [
        160.27777099609375,
        163.88888549804688,
        149.97222900390625
      ],
      [
        139.5806427001953,
        140.8709716796875,
        127.70967864990234
      ],
      [
        159.37142944335938,
        162.971435546875,
        149.39999389648438
      ],
      [
        154.5294189453125,
        156.8235321044922,
        143.76470947265625
      ],
      [
        151.02499389648438,
        153.14999389648438,
        139.625
      ],
      [
        139.25714111328125,
        140.54286193847656,
        126.02857208251953
      ],
      [
        155.9499969482422,
        158.52499389648438,
        146.52499389648438
      ],
      [
        160.10345458984375,
        163.03448486328125,
        150.51724243164062
      ],
      [
        149.85714721679688,
        152.1714324951172,
        139.3428497314453
      ],
      [
        154.0,
        156.44117736816406,
        145.0294189453125
      ],
      [
        167.77420043945312,
        170.80645751953125,
        159.7096710205078
      ]
    ],
    [
      [
        162.1086883544922,
        165.6086883544922,
        153.04347229003906
      ],
      [
        163.84906005859375,
        167.132080078125,
        153.52830505371094
      ],
      [
        152.71875,
        155.125,
        141.78125
      ],
      [
        159.6981201171875,
        163.1132049560547,
        149.4528350830078
      ],
      [
        154.41860961914062,
        157.2093048095703,
        144.3488311767578
      ],
      [
        157.43182373046875,
        159.81817626953125,
        146.68182373046875
      ],
      [
        154.34693908691406,
        156.34693908691406,
        143.02040100097656
      ],
      [
        157.44186401367188,
        159.48837280273438,
        146.62791442871094
      ],
      [
        156.63333129882812,
        159.86666870117188,
        147.3333282470703
      ],
      [
        154.6896514892578,
        157.01724243164062,
        145.5689697265625
      ],
      [
        159.1458282470703,
        162.1875,
        151.0625
      ],
      [
        157.38461303710938,
        161.92308044433594,
        150.41026306152344
      ]
    ],
    [
      [
        158.55555725097656,
        161.77777099609375,
        150.11111450195312
      ],
      [
        167.3235321044922,
        170.94117736816406,
        157.9705810546875
      ],
      [
        164.9791717529297,
        168.6458282470703,
        154.9375
      ],
      [
        165.22000122070312,
        167.86000061035156,
        155.36000061035156
      ],
      [
        153.73529052734375,
        155.85293579101562,
        142.88235473632812
      ],
      [
        161.5500030517578,
        163.9250030517578,
        151.22500610351562
      ],
      [
        157.87754821777344,
        160.24490356445312,
        147.16326904296875
      ],
      [
        161.09756469726562,
        163.60975646972656,
        150.60975646972656
      ],
      [
        160.3333282470703,
        162.9761962890625,
        151.54762268066406
      ],
      [
        162.5,
        165.55999755859375,
        154.5399932861328
      ],
      [
        163.91836547851562,
        168.08163452148438,
        156.7755126953125
      ],
      [
        169.44737243652344,
        174.7105255126953,
        162.6052703857422
      ]
    ],
    [
      [
        162.02438354492188,
        166.14634704589844,
        154.34146118164062
      ],
      [
        165.15151977539062,
        169.1212158203125,
        156.03030395507812
      ],
      [
        165.1999969482422,
        169.0,
        155.6857147216797
      ],
      [
        155.88235473632812,
        157.9705810546875,
        145.76470947265625
      ],
      [
        163.51063537597656,
        166.89361572265625,
        154.02127075195312
      ],
      [
        160.7916717529297,
        163.6666717529297,
        151.0833282470703
      ],
      [
        152.58139038085938,
        154.53488159179688,
        141.93023681640625
      ],
      [
        159.2391357421875,
        161.7608642578125,
        148.63043212890625
      ],
      [
        163.83999633789062,
        166.89999389648438,
        155.77999877929688
      ],
      [
        166.21739196777344,
        169.97825622558594,
        156.63043212890625
      ],
      [
        164.56756591796875,
        167.7567596435547,
        155.91891479492188
      ],
      [
        168.38710021972656,
        172.4516143798828,
        161.09677124023438
      ]
    ],
    [
      [
        170.39285278320312,
        175.67857360839844,
        163.82142639160156
      ],
      [
        166.64706420898438,
        170.61764526367188,
        157.14706420898438
      ],
      [
        168.80645751953125,
        172.4193572998047,
        159.4193572998047
      ],
      [
        162.5294189453125,
        165.9705810546875,
        153.23529052734375
      ],
      [
        157.86956787109375,
        160.67391967773438,
        148.36956787109375
      ],
      [
        163.64443969726562,
        166.3111114501953,
        153.6666717529297
      ],
      [
        153.2894744873047,
        155.44737243652344,
        142.86842346191406
      ],
      [
        163.8918914794922,
        167.08108520507812,
        154.08108520507812
      ],
      [
        164.313720703125,
        166.90196228027344,
        155.8627471923828
      ],
      [
        165.07142639160156,
        168.04762268066406,
        156.9761962890625
      ],
      [
        159.7105255126953,
        162.5263214111328,
        151.4736785888672
      ],
      [
        162.06382751464844,
        167.10638427734375,
        155.425537109375
      ]
    ],
    [
      [
        169.5,
        173.76666259765625,
        162.3333282470703
      ],
      [
        169.53334045410156,
        172.73333740234375,
        160.96665954589844
      ],
      [
        161.0263214111328,
        163.07894897460938,
        151.86842346191406
      ],
      [
        169.23684692382812,
        172.44737243652344,
        161.0263214111328
      ],
      [
        164.0749969482422,
        166.8000030517578,
        155.0
      ],
      [
        158.85365295410156,
        161.1219482421875,
        148.78048706054688
      ],
      [
        170.1724090576172,
        173.89654541015625,
        160.44827270507812
      ],
      [
        167.61538696289062,
        170.7179412841797,
        158.41026306152344
      ],
      [
        153.8787841796875,
        156.0,
        145.0
      ],
      [
        169.4375,
        172.8125,
        161.6875
      ],
      [
        165.73684692382812,
        168.9736785888672,
