{
  "rectangle": {
    "x1": 776,
    "y1": 209,
    "x2": 1198,
    "y2": 829
  },
  "plate_type": "96",
  "corners": [
    [
      785,
      829
    ],
    [
      776,
      218
    ],
    [
      1191,
      209
    ],
    [
      1198,
      825
    ]
  ],
  "baseline_colors": [
    [
      [
        129.64382934570312,
        136.7123260498047,
        144.23287963867188
      ],
      [
        130.16128540039062,
        137.64515686035156,
        144.38710021972656
      ],
      [
        127.37735748291016,
        134.47169494628906,
        141.7547149658203
      ],
      [
        127.73611450195312,
        134.65277099609375,
        142.5833282470703
      ],
      [
        127.12162017822266,
        134.1216278076172,
        142.04054260253906
      ],
      [
        129.1666717529297,
        136.3333282470703,
        144.0500030517578
      ],
      [
        125.82089233398438,
        131.17910766601562,
        139.6865692138672
      ],
      [
        129.36923217773438,
        136.89230346679688,
        143.89230346679688
      ],
      [
        126.12307739257812,
        132.64614868164062,
        141.1999969482422
      ],
      [
        127.91548919677734,
        134.97183227539062,
        142.63380432128906
      ],
      [
        127.91935729980469,
        132.93548583984375,
        141.59677124023438
      ],
      [
        124.15555572509766,
        130.84445190429688,
        138.35556030273438
      ]
    ],
    [
      [
        127.8125,
        133.671875,
        139.046875
      ],
      [
        123.02222442626953,
        129.7111053466797,
        135.7111053466797
      ],
      [
        129.35821533203125,
        134.4626922607422,
        140.49253845214844
      ],
      [
        128.34375,
        133.625,
        137.328125
      ],
      [
        129.28358459472656,
        133.8507537841797,
        137.89552307128906
      ],
      [
        129.81333923339844,
        134.9199981689453,
        139.13333129882812
      ],
      [
        127.14865112304688,
        134.1081085205078,
        142.1216278076172
      ],
      [
        129.63380432128906,
        136.46478271484375,
        141.1690216064453
      ],
      [
        130.98550415039062,
        136.01449584960938,
        139.2463836669922
      ],
      [
        134.0895538330078,
        139.26866149902344,
        142.23880004882812
      ],
      [
        130.01351928710938,
        135.09458923339844,
        138.9729766845703
      ],
      [
        130.55128479003906,
        135.53846740722656,
        139.15383911132812
      ]
    ],
    [
      [
        131.19178771972656,
        136.36985778808594,
        138.94520568847656
      ],
      [
        128.49253845214844,
        133.34327697753906,
        137.95523071289062
      ],
      [
        130.734375,
        135.921875,
        140.15625
      ],
      [
        130.82608032226562,
        137.36231994628906,
        141.13043212890625
      ],
      [
        131.36508178710938,
        136.7142791748047,
        140.60317993164062
      ],
      [
        130.20895385742188,
        134.2537384033203,
        143.0895538330078
      ],
      [
        129.7058868408203,
        133.7941131591797,
        142.66175842285156
      ],
      [
        131.14666748046875,
        136.02667236328125,
        140.2933349609375
      ],
      [
        133.39999389648438,
        138.61538696289062,
        142.1999969482422
      ],
      [
        132.67164611816406,
        137.32835388183594,
        140.5373077392578
      ],
      [
        132.94827270507812,
        137.94827270507812,
        141.37930297851562
      ],
      [
        132.75999450683594,
        137.81333923339844,
        140.7866668701172
      ]
    ],
    [
      [
        128.8297882080078,
        134.14894104003906,
        137.8085174560547
      ],
      [
        132.25,
        137.234375,
        140.703125
      ],
      [
        129.8493194580078,
        135.01370239257812,
        138.45205688476562
      ],
      [
        133.60293579101562,
        138.60293579101562,
        141.61764526367188
      ],
      [
        131.38027954101562,
        136.52113342285156,
        139.7183074951172
      ],
      [
        128.86363220214844,
        133.21212768554688,
        140.46969604492188
      ],
      [
        130.6521759033203,
        135.3913116455078,
        140.53622436523438
      ],
      [
        131.30262756347656,
        136.26315307617188,
        139.63157653808594
      ],
      [
        134.8428497314453,
        140.1857147216797,
        142.7142791748047
      ],
      [
        135.56060791015625,
        140.56060791015625,
        143.6666717529297
      ],
      [
        133.6615447998047,
        138.6923065185547,
        141.7846221923828
      ],
      [
        133.2058868408203,
        138.48529052734375,
        140.64706420898438
      ]
    ],
    [
      [
        130.85507202148438,
        135.85507202148438,
        138.86956787109375
      ],
      [
        133.81817626953125,
        138.8787841796875,
        141.9545440673828
      ],
      [
        136.6904754638672,
        141.6904754638672,
        144.6904754638672
      ],
      [
        134.84616088867188,
        140.03076171875,
        142.55384826660156
      ],
      [
        128.65516662597656,
        133.63792419433594,
        137.63792419433594
      ],
      [
        132.49090576171875,
        137.92727661132812,
        142.9818115234375
      ],
      [
        130.48077392578125,
        135.48077392578125,
        139.26922607421875
      ],
      [
        135.046875,
        140.53125,
        142.25
      ],
      [
        135.36508178710938,
        140.984130859375,
        142.36508178710938
      ],
      [
        137.43283081054688,
        142.43283081054688,
        145.50746154785156
      ],
      [
        135.63636779785156,
        140.654541015625,
        142.36363220214844
      ],
      [
        134.5441131591797,
        140.14706420898438,
        140.55882263183594
      ]
    ],
    [
      [
        133.66128540039062,
        138.9193572998047,
        141.7096710205078
      ],
      [
        134.64285278320312,
        139.64285278320312,
        142.7142791748047
      ],
      [
        133.41378784179688,
        138.46551513671875,
        141.29310607910156
      ],
      [
        134.90475463867188,
        139.90475463867188,
        142.95237731933594
      ],
      [
        132.90475463867188,
        137.90475463867188,
        141.90475463867188
      ],
      [
        130.77272033691406,
        135.72727966308594,
        140.09091186523438
      ],
      [
        134.36508178710938,
        139.36508178710938,
        143.36508178710938
      ],
      [
        139.0689697265625,
        144.2413787841797,
        146.8103485107422
      ],
      [
        131.19564819335938,
        136.43478393554688,
        138.97825622558594
      ],
      [
        136.9516143798828,
        142.24192810058594,
        144.46774291992188
      ],
      [
        137.2857208251953,
        142.58729553222656,
        144.90475463867188
      ],
      [
        135.59722900390625,
        140.625,
        143.75
      ]
    ],
    [
      [
        134.78431701660156,
        140.25489807128906,
        146.09803771972656
      ],
      [
        135.03773498535156,
        140.3207550048828,
        146.6792449951172
      ],
      [
        133.97015380859375,
        139.1492462158203,
        143.37313842773438
      ],
      [
        132.66175842285156,
        137.60293579101562,
        142.69117736816406
      ],
      [
        133.2063446044922,
        137.38095092773438,
        144.34921264648438
      ],
      [
        130.45237731933594,
        135.35714721679688,
        140.1904754638672
      ],
      [
        136.03390502929688,
        141.0677947998047,
