{
  "rectangle": {
    "x1": 619,
    "y1": 421,
    "x2": 1215,
    "y2": 817
  },
  "plate_type": "96",
  "calibration_dots": [
    [
      421,
      908
    ],
    [
      419,
      787
    ],
    [
      421,
      695
    ],
    [
      419,
      594
    ],
    [
      426,
      498
    ],
    [
      423,
      399
    ],
    [
      511,
      896
    ],
    [
      508,
      799
    ],
    [
      508,
      703
    ],
    [
      506,
      599
    ],
    [
      508,
      495
    ],
    [
      510,
      396
    ],
    [
      1310,
      857
    ],
    [
      1307,
      761
    ],
    [
      1308,
      665
    ],
    [
      1304,
      570
    ],
    [
      1306,
      466
    ],
    [
      1303,
      370
    ],
    [
      1402,
      865
    ],
    [
      1406,
      764
    ],
    [
      1405,
      660
    ],
    [
      1403,
      562
    ],
    [
      1398,
      466
    ],
    [
      1395,
      370
    ]
  ],
  "ccm": [
    1.7479203865316384,
    -1.0018392594628986,
    0.07054863069646919,
    0.09211482739902822,
    -0.004034445847745822,
    1.4096183158404794,
    -0.5070507043683855,
    0.10655627126929297,
    0.008155937866219487,
    -0.5555526042839052,
    1.609506577475304,
    0.13244137722853636
  ]
}