{
  "rectangle": {
    "x1": 725,
    "y1": 226,
    "x2": 1210,
    "y2": 937
  },
  "plate_type": "96",
  "corners": [
    [
      725,
      930
    ],
    [
      734,
      226
    ],
    [
      1210,
      232
    ],
    [
      1192,
      937
    ]
  ],
  "baseline_colors": [
    [
      [
        129.375,
        128.27777099609375,
        124.30555725097656
      ],
      [
        131.6883087158203,
        130.36363220214844,
        126.45454406738281
      ],
      [
        131.78378295898438,
        129.18919372558594,
        125.37837982177734
      ],
      [
        129.7066650390625,
        128.586669921875,
        124.62666320800781
      ],
      [
        129.03846740722656,
        125.5,
        121.0897445678711
      ],
      [
        128.7142791748047,
        127.63636016845703,
        123.45454406738281
      ],
      [
        128.23611450195312,
        127.11111450195312,
        123.20833587646484
      ],
      [
        133.36709594726562,
        130.05062866210938,
        126.69620513916016
      ],
      [
        132.30380249023438,
        129.06329345703125,
        125.81012725830078
      ],
      [
        128.91175842285156,
        129.58824157714844,
        123.77941131591797
      ],
      [
        131.6075897216797,
        127.91139221191406,
        124.81012725830078
      ],
      [
        131.92308044433594,
        130.53846740722656,
        125.9871826171875
      ]
    ],
    [
      [
        131.17808532714844,
        130.13699340820312,
        126.15068817138672
      ],
      [
        135.93670654296875,
        134.67088317871094,
        130.75949096679688
      ],
      [
        132.5416717529297,
        131.0833282470703,
        127.16666412353516
      ],
      [
        131.8157958984375,
        128.73684692382812,
        125.28947448730469
      ],
      [
        128.1351318359375,
        127.1351318359375,
        123.1351318359375
      ],
      [
        131.83999633789062,
        130.83999633789062,
        126.83999633789062
      ],
      [
        133.79220581054688,
        132.3116912841797,
        127.85713958740234
      ],
      [
        134.08749389648438,
        132.1125030517578,
        128.35000610351562
      ],
      [
        136.6027374267578,
        134.94520568847656,
        130.94520568847656
      ],
      [
        131.89230346679688,
        130.89230346679688,
        126.83077239990234
      ],
      [
        131.14999389648438,
        129.58749389648438,
        125.7750015258789
      ],
      [
        129.81011962890625,
        128.77215576171875,
        124.7848129272461
      ]
    ],
    [
      [
        132.58441162109375,
        127.7272720336914,
        124.70130157470703
      ],
      [
        130.25315856933594,
        129.06329345703125,
        125.12657928466797
      ],
      [
        128.75,
        127.53947448730469,
        122.4868392944336
      ],
      [
        132.61538696289062,
        131.26922607421875,
        127.38461303710938
      ],
      [
        134.63999938964844,
        131.60000610351562,
        128.17333984375
      ],
      [
        135.4342041015625,
        130.55262756347656,
        127.52631378173828
      ],
      [
        131.98666381835938,
        128.586669921875,
        125.2933349609375
      ],
      [
        130.38356018066406,
        127.876708984375,
        123.39726257324219
      ],
      [
        132.0128173828125,
        130.6666717529297,
        126.78205108642578
      ],
      [
        132.37661743164062,
        129.49349975585938,
        126.10389709472656
      ],
      [
        126.9871826171875,
        123.55128479003906,
        120.21794891357422
      ],
      [
        128.8125,
        124.92500305175781,
        121.6500015258789
      ]
    ],
    [
      [
        133.85897827148438,
        134.11538696289062,
        128.7820587158203
      ],
      [
        136.47457885742188,
        135.47457885742188,
        131.47457885742188
      ],
      [
        134.85714721679688,
        133.41558837890625,
        129.50650024414062
      ],
      [
        132.77499389648438,
        131.7375030517578,
        126.8499984741211
      ],
      [
        133.9220733642578,
        129.03895568847656,
        126.01298522949219
      ],
      [
        133.242431640625,
        132.1212158203125,
        128.15151977539062
      ],
      [
        133.0,
        131.7462615966797,
        127.776123046875
      ],
      [
        132.13043212890625,
        131.27536010742188,
        127.159423828125
      ],
      [
        134.36619567871094,
        133.15492248535156,
        129.22535705566406
      ],
      [
        132.7236785888672,
        131.13157653808594,
        127.32894897460938
      ],
      [
        129.55224609375,
        127.11940002441406,
        123.59701538085938
      ],
      [
        130.19444274902344,
        128.36111450195312,
        124.63888549804688
      ]
    ],
    [
      [
        130.1519012451172,
        129.07594299316406,
        125.10126495361328
      ],
      [
        129.9199981689453,
        127.95999908447266,
        124.83999633789062
      ],
      [
        130.76315307617188,
        128.57894897460938,
        124.92105102539062
      ],
      [
        132.17808532714844,
        130.8493194580078,
        126.95890045166016
      ],
      [
        136.0142822265625,
        134.11428833007812,
        130.10000610351562
      ],
      [
        134.64935302734375,
        133.49349975585938,
        129.5454559326172
      ],
      [
        135.0483856201172,
        133.1774139404297,
        129.43548583984375
      ],
      [
        132.62820434570312,
        131.474365234375,
        127.52564239501953
      ],
      [
        132.9871826171875,
        131.91026306152344,
        127.93589782714844
      ],
      [
        132.96249389648438,
        128.96249389648438,
        125.9625015258789
      ],
      [
        132.6075897216797,
        129.8607635498047,
        126.44303894042969
      ],
      [
        131.08973693847656,
        130.08973693847656,
        126.06410217285156
      ]
    ],
    [
      [
        136.36000061035156,
        131.57333374023438,
        128.4933319091797
      ],
      [
        137.4805145263672,
        134.11688232421875,
        130.2857208251953
      ],
      [
        135.38356018066406,
        134.24658203125,
        129.2876739501953
      ],
      [
        134.20779418945312,
        133.20779418945312,
        128.467529296875
      ],
      [
        134.65789794921875,
        132.7236785888672,
        128.2894744873047
      ],
      [
        136.1884002685547,
        132.63768005371094,
        127.5362319946289
      ],
      [
        134.07594299316406,
        132.62025451660156,
        128.77215576171875
      ],
      [
        132.73239135742188,
        131.73239135742188,
        127.73239135742188
      ],
      [
        132.52000427246094,
        131.52000427246094,
        127.5199966430664
      ],
      [
        135.31080627441406,
        132.1216278076172,
        128.82432556152344
      ],
      [
        127.7402572631836,
        126.7402572631836,
        122.7402572631836
      ],
      [
        128.8076934814453,
        127.80769348144531,
        123.80769348144531
      ]
    ],
    [
      [
        136.56756591796875,
        135.55404663085938,
        131.44595336914062
      ],
      [
        141.91549682617188,
        142.0985870361328,
        136.74647521972656
      ],
      [
        138.38961791992188,
        137.38961791992188,
        133.37661743164062
      ],
      [
        140.40541076660156,
        139.35134887695312,
        135.29730224609375
      ],
      [
        141.09458923339844,
        136.91891479492188,
        132.93243408203125
      ],
      [
        139.243896484375,
        138.243896484375,
