{
  "rectangle": {
    "x1": 682,
    "y1": 460,
    "x2": 1279,
    "y2": 878
  },
  "plate_type": "96",
  "calibration_dots": [
    [
      708,
      74
    ],
    [
      804,
      56
    ],
    [
      910,
      62
    ],
    [
      991,
      58
    ],
    [
      1102,
      56
    ],
    [
      1204,
      50
    ],
    [
      705,
      183
    ],
    [
      812,
      164
    ],
    [
      906,
      173
    ],
    [
      1000,
      154
    ],
    [
      1098,
      166
    ],
    [
      1202,
      144
    ],
    [
      698,
      281
    ],
    [
      809,
      264
    ],
    [
      914,
      262
    ],
    [
      1022,
      248
    ],
    [
      1111,
      258
    ],
    [
      1204,
      252
    ],
    [
      712,
      376
    ],
    [
      812,
      372
    ],
    [
      924,
      371
    ],
    [
      1020,
      362
    ],
    [
      1119,
      350
    ],
    [
      1210,
      348
    ]
  ],
  "corners": [
    [
      682,
      495
    ],
    [
      1252,
      460
    ],
    [
      1279,
      846
    ],
    [
      702,
      878
    ]
  ],
  "baseline_colors": [
    [
      [
        130.132080078125,
        129.132080078125,
        127.13207244873047
      ],
      [
        127.80000305175781,
        126.67692565917969,
        125.04615020751953
      ],
      [
        125.09835815429688,
        123.0,
        121.40983581542969
      ],
      [
        127.80357360839844,
        126.80357360839844,
        124.80357360839844
      ],
      [
        127.125,
        126.125,
        124.125
      ],
      [
        126.66000366210938,
        126.22000122070312,
        124.16000366210938
      ],
      [
        119.75409698486328,
        117.59016418457031,
        119.6557388305664
      ],
      [
        114.73170471191406,
        112.78048706054688,
        115.75609588623047
      ],
      [
        118.97222137451172,
        118.88888549804688,
        121.63888549804688
      ],
      [
        120.55555725097656,
        120.26984405517578,
        122.44444274902344
      ],
      [
        114.87272644042969,
        114.65454864501953,
        116.76363372802734
      ],
      [
        124.94444274902344,
        125.94444274902344,
        127.94444274902344
      ]
    ],
    [
      [
        126.671875,
        125.671875,
        123.640625
      ],
      [
        126.98360443115234,
        127.03278350830078,
        125.54098510742188
      ],
      [
        128.4915313720703,
        126.83050537109375,
        125.05084991455078
      ],
      [
        130.0500030517578,
        129.0,
        126.51667022705078
      ],
      [
        129.359375,
        128.359375,
        124.359375
      ],
      [
        127.0625,
        126.03125,
        124.125
      ],
      [
        125.57142639160156,
        124.23213958740234,
        123.60713958740234
      ],
      [
        124.06779479980469,
        122.06779479980469,
        124.86441040039062
      ],
      [
        123.21052551269531,
        121.21052551269531,
        124.28070068359375
      ],
      [
        122.0,
        120.0,
        123.03174591064453
      ],
      [
        121.92537689208984,
        121.83582305908203,
        123.76119232177734
      ],
      [
        123.55882263183594,
        124.01470947265625,
        125.20587921142578
      ]
    ],
    [
      [
        128.94000244140625,
        127.4000015258789,
        125.54000091552734
      ],
      [
        123.25454711914062,
        122.36363983154297,
        120.38182067871094
      ],
      [
        125.54545593261719,
        123.50909423828125,
        121.81818389892578
      ],
      [
        124.49122619628906,
        123.07017517089844,
        119.21052551269531
      ],
      [
        128.03921508789062,
        124.09803771972656,
        121.11764526367188
      ],
      [
        124.625,
        123.625,
        121.625
      ],
      [
        122.98113250732422,
        121.69811248779297,
        121.4339599609375
      ],
      [
        125.52631378173828,
        123.59648895263672,
        125.57894897460938
      ],
      [
        122.34545135498047,
        121.80000305175781,
        124.10909271240234
      ],
      [
        119.776123046875,
        119.6567153930664,
        121.80596923828125
      ],
      [
        123.63414764404297,
        121.63414764404297,
        124.63414764404297
      ],
      [
        126.72222137451172,
        125.05555725097656,
        127.59259033203125
      ]
    ],
    [
      [
        125.32257843017578,
        124.38710021972656,
        122.03225708007812
      ],
      [
        122.64151000976562,
        120.9056625366211,
        119.0
      ],
      [
        124.31666564941406,
        122.31666564941406,
        119.51667022705078
      ],
      [
        126.27999877929688,
        125.18000030517578,
        121.30000305175781
      ],
      [
        129.72727966308594,
        127.45454406738281,
        124.0
      ],
      [
        127.97872161865234,
        126.93617248535156,
        125.06382751464844
      ],
      [
        124.46939086914062,
        124.34693908691406,
        122.2448959350586
      ],
      [
        125.4000015258789,
        123.4000015258789,
        125.5
      ],
      [
        118.97826385498047,
        116.97826385498047,
        119.97826385498047
      ],
      [
        123.06382751464844,
        122.93617248535156,
        125.04255676269531
      ],
      [
        118.73213958740234,
        116.73213958740234,
        119.73213958740234
      ],
      [
        119.57777404785156,
        119.5999984741211,
        121.5999984741211
      ]
    ],
    [
      [
        125.0,
        124.0,
        121.48275756835938
      ],
      [
        120.15384674072266,
        118.02564239501953,
        115.02564239501953
      ],
      [
        126.23076629638672,
        124.76923370361328,
        120.90384674072266
      ],
      [
        123.68292999267578,
        122.53658294677734,
        118.68292999267578
      ],
      [
        128.36000061035156,
        124.72000122070312,
        121.5999984741211
      ],
      [
        122.71111297607422,
        119.42222595214844,
        118.19999694824219
      ],
      [
        127.26667022705078,
        126.5999984741211,
        125.5999984741211
      ],
      [
        124.2745132446289,
        122.50980377197266,
        123.1568603515625
      ],
      [
        122.89795684814453,
        122.16326904296875,
        123.26530456542969
      ],
      [
        123.10526275634766,
        121.10526275634766,
        124.10526275634766
      ],
      [
        121.69387817382812,
        119.69387817382812,
        122.69387817382812
      ],
      [
        125.15217590332031,
        123.41304016113281,
        126.28260803222656
      ]
    ],
    [
      [
        126.26000213623047,
        125.26000213623047,
        122.33999633789062
      ],
      [
        128.6875,
        125.39583587646484,
        122.04166412353516
      ],
      [
        124.58536529541016,
        121.19512176513672,
        117.8536605834961
      ],
      [
        122.44000244140625,
        120.62000274658203,
        116.86000061035156
      ],
      [
        127.07894897460938,
        126.07894897460938,
        122.07894897460938
      ],
      [
        127.14583587646484,
        126.14583587646484,
        124.14583587646484
      ],
      [
        124.04762268066406,
        122.35713958740234,
        122.66666412353516
      ],
      [
        112.20513153076172,
        110.20513153076172,
        113.20513153076172
      ],
      [
        114.23076629638672,
        112.23076629638672,
        114.92308044433594
      ],
      [
        119.5813980102539,
        117.5813980102539,
        119.55813598632812
      ],
      [
        113.18181610107422,
        111.7272720336914,
        113.90908813476562
