{
  "rectangle": {
    "x1": 819,
    "y1": 137,
    "x2": 1300,
    "y2": 846
  },
  "plate_type": "96",
  "corners": [
    [
      819,
      832
    ],
    [
      836,
      137
    ],
    [
      1300,
      149
    ],
    [
      1275,
      846
    ]
  ],
  "baseline_colors": [
    [
      [
        123.4800033569336,
        124.80000305175781,
        125.5199966430664
      ],
      [
        124.71428680419922,
        126.42857360839844,
        128.1904754638672
      ],
      [
        118.58209228515625,
        119.776123046875,
        121.40298461914062
      ],
      [
        119.35616302490234,
        120.3013687133789,
        124.2602767944336
      ],
      [
        115.0625,
        118.5,
        121.21875
      ],
      [
        114.86956787109375,
        116.8840560913086,
        122.21739196777344
      ],
      [
        111.840576171875,
        113.17391204833984,
        117.60869598388672
      ],
      [
        122.58333587646484,
        120.58333587646484,
        123.58333587646484
      ],
      [
        124.37333679199219,
        123.16000366210938,
        122.14666748046875
      ],
      [
        119.45587921142578,
        122.0882339477539,
        124.63235473632812
      ],
      [
        115.03448486328125,
        117.37931060791016,
        121.86206817626953
      ],
      [
        129.8360595703125,
        132.4098358154297,
        134.8360595703125
      ]
    ],
    [
      [
        126.30908966064453,
        127.36363983154297,
        129.16363525390625
      ],
      [
        132.0208282470703,
        133.8125,
        131.2291717529297
      ],
      [
        123.43333435058594,
        124.68333435058594,
        126.96666717529297
      ],
      [
        120.74242401123047,
        121.96969604492188,
        124.56060791015625
      ],
      [
        120.40277862548828,
        121.36111450195312,
        124.43055725097656
      ],
      [
        125.13924407958984,
        123.16455841064453,
        126.17721557617188
      ],
      [
        126.81944274902344,
        125.27777862548828,
        128.43055725097656
      ],
      [
        127.046875,
        128.28125,
        130.203125
      ],
      [
        127.39655303955078,
        128.39654541015625,
        130.4310302734375
      ],
      [
        119.69767761230469,
        121.0465087890625,
        124.93022918701172
      ],
      [
        120.2745132446289,
        122.03921508789062,
        125.78431701660156
      ],
      [
        127.48213958740234,
        131.48214721679688,
        134.48214721679688
      ]
    ],
    [
      [
        128.19564819335938,
        129.7391357421875,
        131.5
      ],
      [
        133.0425567626953,
        134.7872314453125,
        132.55319213867188
      ],
      [
        127.10713958740234,
        128.6607208251953,
        130.2857208251953
      ],
      [
        123.86111450195312,
        125.47222137451172,
        127.19444274902344
      ],
      [
        123.32786560058594,
        125.77049255371094,
        127.44261932373047
      ],
      [
        125.9552230834961,
        123.97014617919922,
        127.0447769165039
      ],
      [
        128.8000030517578,
        126.80000305175781,
        129.8000030517578
      ],
      [
        125.17910766601562,
        126.08955383300781,
        128.11940002441406
      ],
      [
        125.50909423828125,
        126.50909423828125,
        128.69090270996094
      ],
      [
        122.96428680419922,
        124.94642639160156,
        128.67857360839844
      ],
      [
        122.64912414550781,
        124.22807312011719,
        127.75438690185547
      ],
      [
        134.04762268066406,
        138.04762268066406,
        138.95237731933594
      ]
    ],
    [
      [
        130.7541046142578,
        132.77049255371094,
        131.0
      ],
      [
        133.52499389648438,
        134.75,
        135.9250030517578
      ],
      [
        126.0,
        127.61764526367188,
        128.76470947265625
      ],
      [
        126.65306091308594,
        129.36734008789062,
        131.448974609375
      ],
      [
        130.23333740234375,
        130.9166717529297,
        132.71665954589844
      ],
      [
        125.48275756835938,
        124.4137954711914,
        122.68965148925781
      ],
      [
        123.48979949951172,
        121.48979949951172,
        124.48979949951172
      ],
      [
        124.12963104248047,
        125.12963104248047,
        127.24073791503906
      ],
      [
        122.15625,
        126.15625,
        129.15625
      ],
      [
        122.4871826171875,
        125.33333587646484,
        128.15383911132812
      ],
      [
        124.33333587646484,
        127.35555267333984,
        127.64444732666016
      ],
      [
        128.5238037109375,
        131.76190185546875,
        133.0
      ]
    ],
    [
      [
        135.11111450195312,
        135.42857360839844,
        137.39682006835938
      ],
      [
        138.50909423828125,
        140.05455017089844,
        140.4545440673828
      ],
      [
        123.38983154296875,
        127.32203674316406,
        128.4067840576172
      ],
      [
        126.05714416503906,
        128.3000030517578,
        129.88571166992188
      ],
      [
        127.796875,
        129.53125,
        127.09375
      ],
      [
        126.78125,
        125.515625,
        124.578125
      ],
      [
        131.47999572753906,
        131.39999389648438,
        129.0
      ],
      [
        124.45901489257812,
        126.3442611694336,
        128.08197021484375
      ],
      [
        127.01695251464844,
        128.9322052001953,
        131.4067840576172
      ],
      [
        128.4583282470703,
        132.4583282470703,
        133.4583282470703
      ],
      [
        133.60345458984375,
        135.20689392089844,
        137.08621215820312
      ],
      [
        135.82142639160156,
        139.6607208251953,
        141.75
      ]
    ],
    [
      [
        139.5932159423828,
        139.30508422851562,
        135.03390502929688
      ],
      [
        139.2045440673828,
        141.13636779785156,
        138.02272033691406
      ],
      [
        127.71014404296875,
        130.71014404296875,
        132.04347229003906
      ],
      [
        127.75,
        128.9264678955078,
        130.98529052734375
      ],
      [
        128.2063446044922,
        129.22222900390625,
        131.1746063232422
      ],
      [
        124.87931060791016,
        125.89655303955078,
        127.8448257446289
      ],
      [
        128.1666717529297,
        129.1666717529297,
        131.1666717529297
      ],
      [
        134.5869598388672,
        138.5869598388672,
        139.5869598388672
      ],
      [
        135.83871459960938,
        137.80645751953125,
        139.61289978027344
      ],
      [
        130.29824829101562,
        134.3333282470703,
        134.28070068359375
      ],
      [
        128.71697998046875,
        132.7547149658203,
        133.35848999023438
      ],
      [
        133.98275756835938,
        138.29310607910156,
        140.87930297851562
      ]
    ],
    [
      [
        136.34327697753906,
        140.34327697753906,
        141.34327697753906
      ],
      [
        135.1999969482422,
        137.3230743408203,
        136.38461303710938
      ],
      [
        128.93846130371094,
        132.41539001464844,
        133.1692352294922
      ],
      [
        128.72727966308594,
        131.31817626953125,
        133.15151977539062
      ],
      [
        127.4000015258789,
        130.74000549316406,
        132.5
      ],
      [
        130.43077087402344,
        131.43077087402344,
        133.43077087402344
      ],
      [
        129.5076904296875,
        130.76922607421875,
        132.10769653320312
      ],
      [
        132.125,
        133.125,
