{
  "rectangle": {
    "x1": 721,
    "y1": 222,
    "x2": 1210,
    "y2": 946
  },
  "plate_type": "96",
  "corners": [
    [
      721,
      933
    ],
    [
      735,
      222
    ],
    [
      1210,
      229
    ],
    [
      1199,
      946
    ]
  ],
  "baseline_colors": [
    [
      [
        157.2876739501953,
        155.75341796875,
        140.19178771972656
      ],
      [
        172.4107208251953,
        173.7857208251953,
        160.1607208251953
      ],
      [
        185.9574432373047,
        187.87234497070312,
        174.89361572265625
      ],
      [
        180.5,
        182.47727966308594,
        169.4545440673828
      ],
      [
        166.38461303710938,
        167.07691955566406,
        151.53846740722656
      ],
      [
        169.58460998535156,
        170.5230712890625,
        156.07691955566406
      ],
      [
        163.6875,
        164.9375,
        147.4791717529297
      ],
      [
        161.93939208984375,
        162.93939208984375,
        147.0
      ],
      [
        161.3333282470703,
        162.17333984375,
        146.1199951171875
      ],
      [
        170.50877380371094,
        171.50877380371094,
        157.50877380371094
      ],
      [
        175.4146270751953,
        176.756103515625,
        162.63414001464844
      ],
      [
        169.8378448486328,
        171.32432556152344,
        156.8378448486328
      ]
    ],
    [
      [
        160.80357360839844,
        161.92857360839844,
        145.82142639160156
      ],
      [
        161.1904754638672,
        162.1587371826172,
        147.53968811035156
      ],
      [
        152.73239135742188,
        151.591552734375,
        136.53521728515625
      ],
      [
        159.79747009277344,
        159.78480529785156,
        143.94937133789062
      ],
      [
        167.35714721679688,
        168.74285888671875,
        152.57142639160156
      ],
      [
        162.55555725097656,
        163.7111053466797,
        149.022216796875
      ],
      [
        161.61428833007812,
        162.61428833007812,
        148.04286193847656
      ],
      [
        160.04347229003906,
        161.28985595703125,
        146.20289611816406
      ],
      [
        162.76364135742188,
        163.29090881347656,
        148.60000610351562
      ],
      [
        156.5797119140625,
        157.5797119140625,
        141.9275360107422
      ],
      [
        159.71697998046875,
        160.83018493652344,
        146.39622497558594
      ],
      [
        157.4098358154297,
        156.37704467773438,
        139.1311492919922
      ]
    ],
    [
      [
        151.5,
        148.4499969482422,
        133.625
      ],
      [
        156.72500610351562,
        157.64999389648438,
        141.72500610351562
      ],
      [
        164.14492797851562,
        165.13043212890625,
        149.4202880859375
      ],
      [
        167.2794189453125,
        168.16175842285156,
        153.9558868408203
      ],
      [
        153.8524627685547,
        151.49180603027344,
        136.36065673828125
      ],
      [
        155.49366760253906,
        156.4303741455078,
        141.59494018554688
      ],
      [
        158.82191467285156,
        159.79452514648438,
        142.3150634765625
      ],
      [
        166.1643829345703,
        167.1643829345703,
        150.23287963867188
      ],
      [
        165.3333282470703,
        165.18666076660156,
        149.8800048828125
      ],
      [
        162.64556884765625,
        161.51898193359375,
        146.20252990722656
      ],
      [
        159.97500610351562,
        157.5,
        140.2375030517578
      ],
      [
        147.13157653808594,
        142.7105255126953,
        128.1842041015625
      ]
    ],
    [
      [
        167.1216278076172,
        168.1216278076172,
        154.1216278076172
      ],
      [
        164.3728790283203,
        165.3728790283203,
        151.30508422851562
      ],
      [
        157.44642639160156,
        158.39285278320312,
        142.48214721679688
      ],
      [
        159.5500030517578,
        157.72500610351562,
        142.52499389648438
      ],
      [
        163.38961791992188,
        164.38961791992188,
        147.532470703125
      ],
      [
        168.1392364501953,
        169.1392364501953,
        155.06329345703125
      ],
      [
        169.467529296875,
        170.4545440673828,
        156.42857360839844
      ],
      [
        168.98550415039062,
        171.86956787109375,
        153.159423828125
      ],
      [
        168.75,
        170.41175842285156,
        154.14706420898438
      ],
      [
        166.3943634033203,
        167.3943634033203,
        150.32394409179688
      ],
      [
        163.7948760986328,
        166.46153259277344,
        147.6794891357422
      ],
      [
        152.7105255126953,
        151.0657958984375,
        134.69737243652344
      ]
    ],
    [
      [
        156.90541076660156,
        156.56756591796875,
        143.01351928710938
      ],
      [
        161.8873291015625,
        162.8873291015625,
        148.74647521972656
      ],
      [
        164.7432403564453,
        165.729736328125,
        151.70269775390625
      ],
      [
        166.80555725097656,
        167.80555725097656,
        153.80555725097656
      ],
      [
        167.0,
        168.0,
        153.73770141601562
      ],
      [
        166.0188751220703,
        167.0188751220703,
        153.0188751220703
      ],
      [
        154.61764526367188,
        151.5294189453125,
        138.89706420898438
      ],
      [
        156.94285583496094,
        154.95713806152344,
        139.24285888671875
      ],
      [
        151.2203369140625,
        152.2203369140625,
        136.2203369140625
      ],
      [
        151.40322875976562,
        150.0806427001953,
        134.96774291992188
      ],
      [
        155.53846740722656,
        156.38461303710938,
        142.24615478515625
      ],
      [
        152.36956787109375,
        152.6521759033203,
        136.95652770996094
      ]
    ],
    [
      [
        155.2911376953125,
        153.53164672851562,
        138.67088317871094
      ],
      [
        157.10389709472656,
        154.37661743164062,
        137.72727966308594
      ],
      [
        158.85897827148438,
        156.474365234375,
        139.34616088867188
      ],
      [
        158.89999389648438,
        156.53750610351562,
        140.0625
      ],
      [
        156.72000122070312,
        153.82666015625,
        139.26666259765625
      ],
      [
        157.0410919189453,
        154.97259521484375,
        138.93150329589844
      ],
      [
        160.4875030517578,
        159.4375,
        145.02499389648438
      ],
      [
        166.4729766845703,
        167.4729766845703,
        152.20269775390625
      ],
      [
        166.01315307617188,
        169.0263214111328,
        150.3947296142578
      ],
      [
        166.8648681640625,
        169.21621704101562,
        150.55404663085938
      ],
      [
        165.53846740722656,
        166.41026306152344,
        150.84616088867188
      ],
      [
        153.0657958984375,
        150.88157653808594,
        135.0263214111328
      ]
    ],
    [
      [
        160.14102172851562,
        161.14102172851562,
        147.14102172851562
      ],
      [
        156.39706420898438,
        154.13235473632812,
        141.2058868408203
      ],
      [
        157.8125,
        158.8125,
        144.65625
      ],
      [
        153.72308349609375,
        154.72308349609375,
        138.72308349609375
      ],
      [
        157.9600067138672,
        159.0800018310547,
        143.60000610351562
      ],
      [
        158.27272033691406,
        159.49090576171875,
        145.03636169433594
      ],
      [
        154.57142639160156,
        155.32142639160156,
        140.73214721679688
      ],
