{
  "rectangle": {
    "x1": 725,
    "y1": 558,
    "x2": 1068,
    "y2": 790
  },
  "plate_type": "96",
  "calibration_dots": [
    [
      740,
      316
    ],
    [
      799,
      312
    ],
    [
      857,
      314
    ],
    [
      920,
      312
    ],
    [
      981,
      319
    ],
    [
      1039,
      316
    ],
    [
      738,
      383
    ],
    [
      800,
      373
    ],
    [
      858,
      373
    ],
    [
      921,
      373
    ],
    [
      984,
      370
    ],
    [
      1039,
      372
    ],
    [
      741,
      434
    ],
    [
      802,
      434
    ],
    [
      859,
      436
    ],
    [
      922,
      428
    ],
    [
      983,
      434
    ],
    [
      1042,
      436
    ],
    [
      740,
      490
    ],
    [
      801,
      493
    ],
    [
      860,
      492
    ],
    [
      926,
      493
    ],
    [
      988,
      492
    ],
    [
      1045,
      489
    ]
  ],
  "corners": [
    [
      725,
      562
    ],
    [
      1067,
      558
    ],
    [
      1068,
      787
    ],
    [
      725,
      790
    ]
  ],
  "baseline_colors": [
    [
      [
        133.1777801513672,
        177.06666564941406,
        217.57777404785156
      ],
      [
        121.8484878540039,
        169.18182373046875,
        214.4242401123047
      ],
      [
        136.05332946777344,
        179.5066680908203,
        221.69332885742188
      ],
      [
        126.7959213256836,
        173.20408630371094,
        217.63265991210938
      ],
      [
        143.5,
        185.13636779785156,
        223.84091186523438
      ],
      [
        136.05332946777344,
        179.73333740234375,
        220.42666625976562
      ],
      [
        145.3333282470703,
        185.95652770996094,
        221.6666717529297
      ],
      [
        147.34210205078125,
        185.23684692382812,
        222.7894744873047
      ],
      [
        138.46153259277344,
        181.88461303710938,
        222.46153259277344
      ],
      [
        141.93617248535156,
        185.10638427734375,
        226.2553253173828
      ],
      [
        130.8253936767578,
        178.0,
        222.03175354003906
      ],
      [
        120.86956787109375,
        170.97825622558594,
        219.93478393554688
      ]
    ],
    [
      [
        146.6119384765625,
        185.80596923828125,
        223.35821533203125
      ],
      [
        122.19999694824219,
        168.8909149169922,
        214.345458984375
      ],
      [
        140.73333740234375,
        182.48333740234375,
        220.5500030517578
      ],
      [
        144.9130401611328,
        184.9130401611328,
        222.30435180664062
      ],
      [
        122.54166412353516,
        167.4583282470703,
        214.8541717529297
      ],
      [
        147.2391357421875,
        183.52174377441406,
        219.2608642578125
      ],
      [
        119.42105102539062,
        166.2105255126953,
        215.13157653808594
      ],
      [
        139.39999389648438,
        181.54666137695312,
        221.93333435058594
      ],
      [
        132.6521759033203,
        177.97825622558594,
        223.54347229003906
      ],
      [
        129.44444274902344,
        176.61111450195312,
        220.94444274902344
      ],
      [
        128.17333984375,
        176.4933319091797,
        223.22666931152344
      ],
      [
        133.78260803222656,
        179.45652770996094,
        223.93478393554688
      ]
    ],
    [
      [
        133.26470947265625,
        176.36764526367188,
        218.5294189453125
      ],
      [
        148.5,
        188.88888549804688,
        225.94444274902344
      ],
      [
        136.15625,
        179.15625,
        220.828125
      ],
      [
        145.8656768798828,
        186.5223846435547,
        222.11940002441406
      ],
      [
        152.24073791503906,
        188.79629516601562,
        223.90740966796875
      ],
      [
        147.8709716796875,
        186.77420043945312,
        223.33871459960938
      ],
      [
        133.41026306152344,
        177.25640869140625,
        218.4871826171875
      ],
      [
        141.4705810546875,
        181.5098114013672,
        220.0
      ],
      [
        137.02174377441406,
        180.86956787109375,
        221.43478393554688
      ],
      [
        121.86956787109375,
        168.52174377441406,
        217.2608642578125
      ],
      [
        132.125,
        177.9375,
        221.4791717529297
      ],
      [
        116.22222137451172,
        167.34722900390625,
        216.15277099609375
      ]
    ],
    [
      [
        155.21875,
        190.96875,
        224.34375
      ],
      [
        118.5897445678711,
        165.1794891357422,
        213.6666717529297
      ],
      [
        151.0,
        187.88235473632812,
        221.08824157714844
      ],
      [
        134.6750030517578,
        179.27499389648438,
        221.6999969482422
      ],
      [
        137.89230346679688,
        181.06153869628906,
        220.58460998535156
      ],
      [
        136.906982421875,
        180.1627960205078,
        220.0465087890625
      ],
      [
        140.65625,
        183.40625,
        223.4375
      ],
      [
        135.6351318359375,
        178.32432556152344,
        219.8783721923828
      ],
      [
        148.14634704589844,
        188.26829528808594,
        224.63414001464844
      ],
      [
        146.05714416503906,
        185.45713806152344,
        222.8000030517578
      ],
      [
        137.46377563476562,
        180.79710388183594,
        222.3913116455078
      ],
      [
        146.25,
        187.52777099609375,
        226.15277099609375
      ]
    ],
    [
      [
        145.98529052734375,
        184.5,
        221.0294189453125
      ],
      [
        150.0869598388672,
        187.6521759033203,
        221.1086883544922
      ],
      [
        143.57408142089844,
        183.8333282470703,
        221.0370330810547
      ],
      [
        126.45454406738281,
        172.03030395507812,
        216.96969604492188
      ],
      [
        146.76470947265625,
        183.88235473632812,
        219.21568298339844
      ],
      [
        150.43333435058594,
        185.3333282470703,
        218.43333435058594
      ],
      [
        125.2727279663086,
        170.18182373046875,
        216.03636169433594
      ],
      [
        146.96551513671875,
        184.0,
        220.03448486328125
      ],
      [
        120.0923080444336,
        167.10769653320312,
        215.86154174804688
      ],
      [
        137.75,
        181.26666259765625,
        220.3000030517578
      ],
      [
        128.7794189453125,
        175.83824157714844,
        222.14706420898438
      ],
      [
        122.12820434570312,
        170.23077392578125,
        216.92308044433594
      ]
    ],
    [
      [
        135.38235473632812,
        178.7941131591797,
        219.0
      ],
      [
        139.8478240966797,
        182.80435180664062,
        222.19564819335938
      ],
      [
        140.3488311767578,
        182.11627197265625,
        218.9534912109375
      ],
      [
        137.80392456054688,
        181.0196075439453,
        221.90196228027344
      ],
      [
        137.90475463867188,
        180.22222900390625,
        218.38095092773438
      ],
      [
        150.55262756347656,
        188.07894897460938,
        221.73684692382812
      ],
      [
        152.89999389648438,
        188.5833282470703,
        223.3000030517578
      ],
      [
        145.8333282470703,
        184.11111450195312,
        221.55555725097656
      ],
      [
        152.81666564941406,
        191.26666259765625,
        225.61666870117188
      ],
      [
        139.7894744873047,
        180.1052703857422,
        219.3157958984375
      ],
      [
        139.86045837402344,
        183.55813598632812,
        224.32557678222656
      ],
