{
  "rectangle": {
    "x1": 725,
    "y1": 558,
    "x2": 1068,
    "y2": 790
  },
  "plate_type": "96",
  "calibration_dots": [
    [
      740,
      316
    ],
    [
      799,
      312
    ],
    [
      857,
      314
    ],
    [
      920,
      312
    ],
    [
      981,
      319
    ],
    [
      1039,
      316
    ],
    [
      738,
      383
    ],
    [
      800,
      373
    ],
    [
      858,
      373
    ],
    [
      921,
      373
    ],
    [
      984,
      370
    ],
    [
      1039,
      372
    ],
    [
      741,
      434
    ],
    [
      802,
      434
    ],
    [
      859,
      436
    ],
    [
      922,
      428
    ],
    [
      983,
      434
    ],
    [
      1042,
      436
    ],
    [
      740,
      490
    ],
    [
      801,
      493
    ],
    [
      860,
      492
    ],
    [
      926,
      493
    ],
    [
      988,
      492
    ],
    [
      1045,
      489
    ]
  ],
  "corners": [
    [
      725,
      562
    ],
    [
      1067,
      558
    ],
    [
      1068,
      787
    ],
    [
      725,
      790
    ]
  ],
  "baseline_colors": [
    [
      [
        122.70175170898438,
        118.28070068359375,
        107.54386138916016
      ],
      [
        119.03448486328125,
        113.24137878417969,
        103.22413635253906
      ],
      [
        118.53191375732422,
        112.34042358398438,
        102.06382751464844
      ],
      [
        119.19999694824219,
        113.81999969482422,
        103.44000244140625
      ],
      [
        120.48648834228516,
        114.54054260253906,
        104.1891860961914
      ],
      [
        114.6875,
        107.65625,
        97.4375
      ],
      [
        116.5882339477539,
        109.47058868408203,
        100.14705657958984
      ],
      [
        122.91999816894531,
        118.31999969482422,
        107.55999755859375
      ],
      [
        110.48648834228516,
        102.62162017822266,
        93.27027130126953
      ],
      [
        116.2368392944336,
        110.42105102539062,
        101.0526351928711
      ],
      [
        116.51851654052734,
        111.51851654052734,
        102.48148345947266
      ],
      [
        127.08163452148438,
        124.14286041259766,
        114.42857360839844
      ]
    ],
    [
      [
        120.0,
        113.05000305175781,
        103.05000305175781
      ],
      [
        120.5660400390625,
        114.98113250732422,
        103.96226501464844
      ],
      [
        118.10713958740234,
        110.89286041259766,
        101.03571319580078
      ],
      [
        116.01724243164062,
        108.4137954711914,
        98.8448257446289
      ],
      [
        115.43548583984375,
        108.33870697021484,
        98.38710021972656
      ],
      [
        107.13043212890625,
        98.13043212890625,
        89.17391204833984
      ],
      [
        115.97435760498047,
        108.61538696289062,
        99.20513153076172
      ],
      [
        112.67567443847656,
        104.16216278076172,
        94.97297668457031
      ],
      [
        119.52381134033203,
        112.54762268066406,
        102.85713958740234
      ],
      [
        111.1891860961914,
        103.0540542602539,
        94.64865112304688
      ],
      [
        116.91525268554688,
        109.88135528564453,
        100.74576568603516
      ],
      [
        125.46295928955078,
        121.72222137451172,
        112.74073791503906
      ]
    ],
    [
      [
        122.0540542602539,
        116.16216278076172,
        105.8108139038086
      ],
      [
        123.0851058959961,
        118.0851058959961,
        107.42552947998047
      ],
      [
        122.5111083984375,
        117.31111145019531,
        106.17778015136719
      ],
      [
        120.19642639160156,
        113.35713958740234,
        103.16071319580078
      ],
      [
        114.60526275634766,
        106.52631378173828,
        97.10526275634766
      ],
      [
        120.17021179199219,
        113.93617248535156,
        103.68085479736328
      ],
      [
        120.36111450195312,
        114.11111450195312,
        104.38888549804688
      ],
      [
        118.8536605834961,
        112.53658294677734,
        102.95121765136719
      ],
      [
        119.4259262084961,
        113.12963104248047,
        103.37036895751953
      ],
      [
        121.23255920410156,
        115.93022918701172,
        105.60465240478516
      ],
      [
        121.04081726074219,
        115.46939086914062,
        106.83673095703125
      ],
      [
        127.28070068359375,
        123.66666412353516,
        114.64912414550781
      ]
    ],
    [
      [
        122.97826385498047,
        116.89130401611328,
        106.58695983886719
      ],
      [
        122.78431701660156,
        116.2549057006836,
        106.11764526367188
      ],
      [
        121.98039245605469,
        115.45098114013672,
        105.33333587646484
      ],
      [
        123.02381134033203,
        117.16666412353516,
        106.92857360839844
      ],
      [
        118.5813980102539,
        110.90697479248047,
        101.44186401367188
      ],
      [
        116.4473648071289,
        108.28947448730469,
        99.07894897460938
      ],
      [
        120.84375,
        114.125,
        104.3125
      ],
      [
        118.69999694824219,
        111.67500305175781,
        102.0250015258789
      ],
      [
        121.83333587646484,
        116.0,
        105.95237731933594
      ],
      [
        121.0,
        114.37999725341797,
        105.41999816894531
      ],
      [
        121.65116119384766,
        116.60465240478516,
        107.5813980102539
      ],
      [
        128.7346954345703,
        125.40816497802734,
        116.38775634765625
      ]
    ],
    [
      [
        125.96969604492188,
        122.39393615722656,
        111.1515121459961
      ],
      [
        120.11428833007812,
        113.37142944335938,
        103.62857055664062
      ],
      [
        120.17857360839844,
        113.71428680419922,
        103.55357360839844
      ],
      [
        123.39473724365234,
        118.28947448730469,
        107.71052551269531
      ],
      [
        123.68571472167969,
        118.85713958740234,
        108.45714569091797
      ],
      [
        123.55555725097656,
        118.58333587646484,
        107.91666412353516
      ],
      [
        124.4117660522461,
        118.79412078857422,
        108.5882339477539
      ],
      [
        117.34210205078125,
        110.7631607055664,
        101.89473724365234
      ],
      [
        121.57142639160156,
        116.5,
        106.85713958740234
      ],
      [
        125.0,
        120.9142837524414,
        110.45714569091797
      ],
      [
        125.02173614501953,
        119.36956787109375,
        109.97826385498047
      ],
      [
        130.86666870117188,
        127.97777557373047,
        118.28888702392578
      ]
    ],
    [
      [
        127.23403930664062,
        123.95744323730469,
        113.42552947998047
      ],
      [
        125.21154022216797,
        119.80769348144531,
        109.32691955566406
      ],
      [
        125.34210205078125,
        119.60526275634766,
        109.5
      ],
      [
        124.23255920410156,
        118.20930480957031,
        108.25581359863281
      ],
      [
        122.01960754394531,
        116.90196228027344,
        106.4313735961914
      ],
      [
        121.82758331298828,
        116.89655303955078,
        106.62068939208984
      ],
      [
        116.22856903076172,
        108.54285430908203,
        99.4000015258789
      ],
      [
        117.97058868408203,
        111.32353210449219,
        101.9117660522461
      ],
      [
        126.5882339477539,
        122.05882263183594,
        111.85294342041016
      ],
      [
        123.34146118164062,
        118.17073059082031,
