{
  "rectangle": {
    "x1": 726,
    "y1": 414,
    "x2": 1204,
    "y2": 741
  },
  "plate_type": "96",
  "calibration_dots": [
    [
      752,
      82
    ],
    [
      829,
      74
    ],
    [
      918,
      66
    ],
    [
      998,
      68
    ],
    [
      1084,
      61
    ],
    [
      1166,
      69
    ],
    [
      749,
      159
    ],
    [
      831,
      159
    ],
    [
      914,
      160
    ],
    [
      1001,
      156
    ],
    [
      1081,
      153
    ],
    [
      1158,
      149
    ],
    [
      752,
      242
    ],
    [
      829,
      239
    ],
    [
      915,
      235
    ],
    [
      992,
      236
    ],
    [
      1078,
      229
    ],
    [
      1168,
      234
    ],
    [
      748,
      319
    ],
    [
      826,
      316
    ],
    [
      911,
      316
    ],
    [
      998,
      317
    ],
    [
      1076,
      316
    ],
    [
      1160,
      310
    ]
  ],
  "corners": [
    [
      726,
      427
    ],
    [
      1192,
      414
    ],
    [
      1204,
      730
    ],
    [
      730,
      741
    ]
  ],
  "baseline_colors": [
    [
      [
        171.86207580566406,
        196.44827270507812,
        221.55172729492188
      ],
      [
        164.36363220214844,
        192.51515197753906,
        218.6666717529297
      ],
      [
        170.06666564941406,
        196.86666870117188,
        222.0
      ],
      [
        161.7073211669922,
        189.34146118164062,
        218.756103515625
      ],
      [
        175.61363220214844,
        200.18182373046875,
        224.5
      ],
      [
        173.25,
        199.43182373046875,
        224.93182373046875
      ],
      [
        163.8787841796875,
        191.3333282470703,
        220.78787231445312
      ],
      [
        173.75,
        199.78846740722656,
        223.51922607421875
      ],
      [
        172.94915771484375,
        198.83050537109375,
        223.98304748535156
      ],
      [
        173.75,
        198.125,
        224.1666717529297
      ],
      [
        165.64999389648438,
        193.625,
        221.52499389648438
      ],
      [
        178.63792419433594,
        202.53448486328125,
        226.65516662597656
      ]
    ],
    [
      [
        159.80555725097656,
        186.97222900390625,
        215.77777099609375
      ],
      [
        173.5833282470703,
        198.7916717529297,
        224.0
      ],
      [
        176.551025390625,
        200.3265380859375,
        224.24490356445312
      ],
      [
        177.66036987304688,
        200.5660400390625,
        224.867919921875
      ],
      [
        179.38095092773438,
        201.8095245361328,
        226.26190185546875
      ],
      [
        176.977783203125,
        199.62222290039062,
        225.91111755371094
      ],
      [
        175.78787231445312,
        199.8030242919922,
        223.21212768554688
      ],
      [
        177.0483856201172,
        200.2903289794922,
        224.5806427001953
      ],
      [
        176.8333282470703,
        200.1666717529297,
        224.4629669189453
      ],
      [
        173.75,
        197.82142639160156,
        225.7857208251953
      ],
      [
        174.63491821289062,
        198.58729553222656,
        224.39682006835938
      ],
      [
        176.5806427001953,
        201.5806427001953,
        227.6290283203125
      ]
    ],
    [
      [
        181.22500610351562,
        204.75,
        228.77499389648438
      ],
      [
        177.53846740722656,
        201.5128173828125,
        225.8205108642578
      ],
      [
        178.15554809570312,
        202.6888885498047,
        226.11111450195312
      ],
      [
        178.9791717529297,
        202.7916717529297,
        225.9791717529297
      ],
      [
        180.5,
        203.86111450195312,
        226.6666717529297
      ],
      [
        179.0,
        201.82142639160156,
        225.75
      ],
      [
        176.03225708007812,
        199.98387145996094,
        224.48387145996094
      ],
      [
        178.0357208251953,
        200.5892791748047,
        224.6607208251953
      ],
      [
        178.53846740722656,
        201.8000030517578,
        224.35385131835938
      ],
      [
        176.88888549804688,
        200.5370330810547,
        224.6666717529297
      ],
      [
        176.78334045410156,
        200.46665954589844,
        225.60000610351562
      ],
      [
        179.15151977539062,
        202.46969604492188,
        227.242431640625
      ]
    ],
    [
      [
        165.05555725097656,
        189.86111450195312,
        216.80555725097656
      ],
      [
        178.8627471923828,
        202.78431701660156,
        226.21568298339844
      ],
      [
        181.85714721679688,
        204.1714324951172,
        228.08570861816406
      ],
      [
        180.20755004882812,
        202.5471649169922,
        225.132080078125
      ],
      [
        181.3018798828125,
        203.6792449951172,
        226.49057006835938
      ],
      [
        176.42591857910156,
        201.07408142089844,
        224.22222900390625
      ],
      [
        180.89796447753906,
        202.91836547851562,
        226.1836700439453
      ],
      [
        181.0,
        203.3958282470703,
        226.625
      ],
      [
        181.51724243164062,
        204.13792419433594,
        227.96551513671875
      ],
      [
        182.2096710205078,
        204.48387145996094,
        228.27420043945312
      ],
      [
        177.0500030517578,
        201.5833282470703,
        225.64999389648438
      ],
      [
        174.8000030517578,
        199.3249969482422,
        224.8249969482422
      ]
    ],
    [
      [
        163.39535522460938,
        190.62791442871094,
        217.55813598632812
      ],
      [
        175.73333740234375,
        199.5111083984375,
        223.57777404785156
      ],
      [
        175.44444274902344,
        199.19444274902344,
        224.52777099609375
      ],
      [
        186.1724090576172,
        207.0,
        228.55172729492188
      ],
      [
        172.36111450195312,
        197.11111450195312,
        221.61111450195312
      ],
      [
        185.243896484375,
        206.26829528808594,
        227.5853729248047
      ],
      [
        178.64102172851562,
        201.07691955566406,
        224.3076934814453
      ],
      [
        184.30508422851562,
        205.35592651367188,
        227.83050537109375
      ],
      [
        182.61538696289062,
        204.9423065185547,
        227.63461303710938
      ],
      [
        179.82691955566406,
        203.03846740722656,
        227.01922607421875
      ],
      [
        181.345458984375,
        204.2181854248047,
        227.30909729003906
      ],
      [
        184.56666564941406,
        206.0,
        229.1999969482422
      ]
    ],
    [
      [
        164.3030242919922,
        188.8787841796875,
        214.5757598876953
      ],
      [
        179.3783721923828,
        202.0,
        224.32432556152344
      ],
      [
        181.43182373046875,
        203.65908813476562,
        224.93182373046875
      ],
      [
        175.14285278320312,
        197.74285888671875,
        221.77142333984375
      ],
      [
        184.39999389648438,
        206.8285675048828,
        227.91429138183594
      ],
      [
        185.38095092773438,
        207.1904754638672,
        228.26190185546875
      ],
      [
        184.8125,
        205.3125,
        229.0625
      ],
      [
        181.52174377441406,
        204.9130401611328,
        228.3913116455078
      ],
      [
        182.70213317871094,
        205.2127685546875,
        227.70213317871094
      ],
      [
        183.04444885253906,
        205.6666717529297,
        228.06666564941406
      ],
      [
        180.5,
        203.5,
        228.63157653808594
      ],
      [
        184.125,
        206.60714721679688,
