{
  "rectangle": {
    "x1": 838,
    "y1": 175,
    "x2": 1291,
    "y2": 850
  },
  "plate_type": "96",
  "corners": [
    [
      840,
      850
    ],
    [
      838,
      181
    ],
    [
      1280,
      175
    ],
    [
      1291,
      846
    ]
  ],
  "baseline_colors": [
    [
      [
        140.22222900390625,
        146.34921264648438,
        146.2857208251953
      ],
      [
        140.8412628173828,
        148.87301635742188,
        150.7936553955078
      ],
      [
        134.0833282470703,
        142.0833282470703,
        144.0833282470703
      ],
      [
        140.88607788085938,
        149.8987274169922,
        149.79747009277344
      ],
      [
        139.27272033691406,
        147.83116149902344,
        149.36363220214844
      ],
      [
        140.94520568847656,
        149.63014221191406,
        150.36985778808594
      ],
      [
        137.7012939453125,
        146.19480895996094,
        147.35064697265625
      ],
      [
        140.91139221191406,
        148.40505981445312,
        149.48101806640625
      ],
      [
        140.96153259277344,
        148.25640869140625,
        149.0128173828125
      ],
      [
        139.474365234375,
        149.6923065185547,
        150.62820434570312
      ],
      [
        137.5616455078125,
        144.9589080810547,
        145.67123413085938
      ],
      [
        138.19178771972656,
        145.8493194580078,
        147.0410919189453
      ]
    ],
    [
      [
        142.32786560058594,
        146.36065673828125,
        147.19671630859375
      ],
      [
        145.17857360839844,
        151.17857360839844,
        151.17857360839844
      ],
      [
        143.11476135253906,
        149.01638793945312,
        149.3114776611328
      ],
      [
        145.5869598388672,
        151.63043212890625,
        151.67391967773438
      ],
      [
        146.76666259765625,
        152.76666259765625,
        152.76666259765625
      ],
      [
        140.4933319091797,
        146.4933319091797,
        146.4933319091797
      ],
      [
        140.98077392578125,
        147.11538696289062,
        147.26922607421875
      ],
      [
        140.14865112304688,
        146.09458923339844,
        146.2567596435547
      ],
      [
        138.5066680908203,
        144.10667419433594,
        144.47999572753906
      ],
      [
        140.57894897460938,
        146.76315307617188,
        146.86842346191406
      ],
      [
        140.22222900390625,
        146.3333282470703,
        146.44444274902344
      ],
      [
        138.88888549804688,
        143.76190185546875,
        143.8253936767578
      ]
    ],
    [
      [
        142.8627471923828,
        148.8627471923828,
        146.9803924560547
      ],
      [
        146.977783203125,
        152.977783203125,
        152.977783203125
      ],
      [
        148.20408630371094,
        154.20408630371094,
        154.20408630371094
      ],
      [
        147.05555725097656,
        153.05555725097656,
        152.94444274902344
      ],
      [
        137.53448486328125,
        143.53448486328125,
        143.53448486328125
      ],
      [
        136.75,
        141.9166717529297,
        144.13888549804688
      ],
      [
        137.34210205078125,
        143.34210205078125,
        143.34210205078125
      ],
      [
        137.57333374023438,
        143.57333374023438,
        143.57333374023438
      ],
      [
        137.61038208007812,
        143.79220581054688,
        143.97402954101562
      ],
      [
        138.51515197753906,
        145.60606384277344,
        146.6969757080078
      ],
      [
        140.89743041992188,
        148.57691955566406,
        146.61538696289062
      ],
      [
        139.61016845703125,
        144.4067840576172,
        146.05084228515625
      ]
    ],
    [
      [
        142.77777099609375,
        148.77777099609375,
        146.8412628173828
      ],
      [
        148.72093200683594,
        151.093017578125,
        150.13954162597656
      ],
      [
        145.91891479492188,
        148.56756591796875,
        147.70269775390625
      ],
      [
        146.10714721679688,
        148.25,
        147.26785278320312
      ],
      [
        144.1875,
        146.921875,
        146.703125
      ],
      [
        139.88157653808594,
        144.26315307617188,
        145.2105255126953
      ],
      [
        141.1392364501953,
        145.63290405273438,
        146.64556884765625
      ],
      [
        142.79730224609375,
        147.05404663085938,
        147.91891479492188
      ],
      [
        150.63999938964844,
        152.82000732421875,
        151.97999572753906
      ],
      [
        142.45614624023438,
        147.8947296142578,
        147.84210205078125
      ],
      [
        140.61038208007812,
        146.61038208007812,
        146.61038208007812
      ],
      [
        143.42666625976562,
        146.81333923339844,
        147.26666259765625
      ]
    ],
    [
      [
        138.84616088867188,
        144.84616088867188,
        144.84616088867188
      ],
      [
        144.81817626953125,
        150.70909118652344,
        150.63636779785156
      ],
      [
        140.48077392578125,
        144.90383911132812,
        145.6923065185547
      ],
      [
        144.19117736816406,
        150.16175842285156,
        150.1764678955078
      ],
      [
        138.2881317138672,
        145.67796325683594,
        147.0677947998047
      ],
      [
        145.742431640625,
        148.48484802246094,
        149.8333282470703
      ],
      [
        144.36363220214844,
        149.78787231445312,
        151.27272033691406
      ],
      [
        144.18310546875,
        150.1267547607422,
        150.04225158691406
      ],
      [
        144.8656768798828,
        149.73133850097656,
        149.82089233398438
      ],
      [
        144.41175842285156,
        149.7941131591797,
        151.61764526367188
      ],
      [
        144.41539001464844,
        150.41539001464844,
        150.41539001464844
      ],
      [
        142.49180603027344,
        147.77049255371094,
        148.78688049316406
      ]
    ],
    [
      [
        138.4629669189453,
        142.07408142089844,
        142.6481475830078
      ],
      [
        137.65306091308594,
        142.6734619140625,
        143.16326904296875
      ],
      [
        140.7916717529297,
        145.5833282470703,
        146.0833282470703
      ],
      [
        144.5,
        150.5,
        148.7413787841797
      ],
      [
        143.7142791748047,
        149.92063903808594,
        149.11111450195312
      ],
      [
        146.5072479248047,
        152.53622436523438,
        150.59420776367188
      ],
      [
        145.22535705566406,
        151.3098602294922,
        151.3943634033203
      ],
      [
        150.26866149902344,
        156.26866149902344,
        156.26866149902344
      ],
      [
        145.6666717529297,
        151.6666717529297,
        149.6999969482422
      ],
      [
        143.1864471435547,
        149.2203369140625,
        149.25424194335938
      ],
      [
        148.6571502685547,
        154.6571502685547,
        154.6571502685547
      ],
      [
        144.40541076660156,
        150.09458923339844,
        150.32432556152344
      ]
    ],
    [
      [
        141.73333740234375,
        147.71665954589844,
        147.76666259765625
      ],
      [
        141.01922607421875,
        147.01922607421875,
        147.01922607421875
      ],
      [
        144.39999389648438,
        150.39999389648438,
        150.39999389648438
      ],
      [
        146.82455444335938,
        151.9122772216797,
        151.82455444335938
      ],
      [
        147.4067840576172,
        153.4067840576172,
        153.4067840576172
      ],
      [
        147.37142944335938,
        152.85714721679688,
        153.11428833007812
