{
  "rectangle": {
    "x1": 547,
    "y1": 594,
    "x2": 1094,
    "y2": 963
  },
  "plate_type": "96",
  "corners": [
    [
      557,
      594
    ],
    [
      1089,
      603
    ],
    [
      1094,
      963
    ],
    [
      547,
      961
    ]
  ],
  "baseline_colors": [
    [
      [
        171.0416717529297,
        176.625,
        164.5625
      ],
      [
        162.5869598388672,
        170.80435180664062,
        157.56521606445312
      ],
      [
        157.29629516601562,
        165.6851806640625,
        151.88888549804688
      ],
      [
        161.5689697265625,
        168.87930297851562,
        156.05172729492188
      ],
      [
        159.87179565429688,
        167.89743041992188,
        153.94871520996094
      ],
      [
        153.9499969482422,
        160.125,
        147.625
      ],
      [
        152.76922607421875,
        158.0,
        145.64102172851562
      ],
      [
        157.2857208251953,
        165.08570861816406,
        151.77142333984375
      ],
      [
        150.14706420898438,
        157.11764526367188,
        144.58824157714844
      ],
      [
        154.05128479003906,
        161.87179565429688,
        148.84616088867188
      ],
      [
        150.61111450195312,
        155.69444274902344,
        144.1666717529297
      ],
      [
        162.90243530273438,
        169.97561645507812,
        157.43902587890625
      ]
    ],
    [
      [
        168.62745666503906,
        174.76470947265625,
        162.5098114013672
      ],
      [
        162.0800018310547,
        166.16000366210938,
        154.36000061035156
      ],
      [
        167.3333282470703,
        171.9629669189453,
        160.1666717529297
      ],
      [
        169.1904754638672,
        176.8095245361328,
        162.0238037109375
      ],
      [
        163.25,
        168.8958282470703,
        156.2083282470703
      ],
      [
        169.26666259765625,
        176.57777404785156,
        162.15554809570312
      ],
      [
        165.22222900390625,
        172.88888549804688,
        160.05555725097656
      ],
      [
        174.65383911132812,
        182.63461303710938,
        168.15383911132812
      ],
      [
        160.34042358398438,
        166.06382751464844,
        154.08511352539062
      ],
      [
        161.9250030517578,
        169.4250030517578,
        156.27499389648438
      ],
      [
        159.25,
        165.53125,
        152.84375
      ],
      [
        167.5490264892578,
        175.4705810546875,
        162.5098114013672
      ]
    ],
    [
      [
        174.1914825439453,
        182.44680786132812,
        168.72340393066406
      ],
      [
        171.85105895996094,
        180.1702117919922,
        166.34042358398438
      ],
      [
        170.3541717529297,
        177.5208282470703,
        163.75
      ],
      [
        170.4199981689453,
        179.6999969482422,
        164.52000427246094
      ],
      [
        170.9516143798828,
        176.43548583984375,
        163.75807189941406
      ],
      [
        170.77999877929688,
        176.4199981689453,
        162.4600067138672
      ],
      [
        177.06666564941406,
        180.3111114501953,
        166.37777709960938
      ],
      [
        182.46153259277344,
        190.42308044433594,
        175.15383911132812
      ],
      [
        163.53659057617188,
        170.7073211669922,
        158.1219482421875
      ],
      [
        165.97999572753906,
        174.77999877929688,
        160.75999450683594
      ],
      [
        167.20408630371094,
        174.5102081298828,
        161.85714721679688
      ],
      [
        172.4375,
        180.4375,
        167.4375
      ]
    ],
    [
      [
        165.06121826171875,
        172.57142639160156,
        159.85714721679688
      ],
      [
        159.77777099609375,
        166.38888549804688,
        154.05555725097656
      ],
      [
        171.95652770996094,
        179.69564819335938,
        166.43478393554688
      ],
      [
        168.07843017578125,
        174.8627471923828,
        162.43136596679688
      ],
      [
        180.2857208251953,
        187.94285583496094,
        173.8000030517578
      ],
      [
        172.95652770996094,
        179.0869598388672,
        166.30435180664062
      ],
      [
        173.3773651123047,
        179.15093994140625,
        166.84906005859375
      ],
      [
        178.57894897460938,
        186.42105102539062,
        171.7894744873047
      ],
      [
        181.36363220214844,
        189.4545440673828,
        175.6666717529297
      ],
      [
        168.72222900390625,
        176.6481475830078,
        163.72222900390625
      ],
      [
        167.3000030517578,
        175.22000122070312,
        162.60000610351562
      ],
      [
        172.69564819335938,
        180.71739196777344,
        167.7608642578125
      ]
    ],
    [
      [
        167.13792419433594,
        174.10345458984375,
        161.62069702148438
      ],
      [
        167.5238037109375,
        174.38095092773438,
        161.5238037109375
      ],
      [
        170.1086883544922,
        176.6521759033203,
        163.6521759033203
      ],
      [
        168.57142639160156,
        175.63265991210938,
        162.97959899902344
      ],
      [
        173.47500610351562,
        179.5,
        166.9250030517578
      ],
      [
        175.5454559326172,
        182.60606384277344,
        170.27272033691406
      ],
      [
        172.51724243164062,
        178.72413635253906,
        165.89654541015625
      ],
      [
        177.11428833007812,
        183.971435546875,
        170.971435546875
      ],
      [
        177.6999969482422,
        185.1999969482422,
        172.4499969482422
      ],
      [
        162.1351318359375,
        168.6216278076172,
        156.32432556152344
      ],
      [
        165.71875,
        172.78125,
        160.0625
      ],
      [
        175.39999389648438,
        185.25714111328125,
        171.6571502685547
      ]
    ],
    [
      [
        166.61289978027344,
        173.03225708007812,
        160.80645751953125
      ],
      [
        162.60714721679688,
        168.5,
        156.5357208251953
      ],
      [
        158.90625,
        163.09375,
        150.5625
      ],
      [
        170.75,
        176.9375,
        164.84375
      ],
      [
        165.67391967773438,
        171.47825622558594,
        159.82608032226562
      ],
      [
        168.42308044433594,
        174.46153259277344,
        162.3076934814453
      ],
      [
        174.77142333984375,
        181.6857147216797,
        169.11428833007812
      ],
      [
        173.03125,
        180.40625,
        167.09375
      ],
      [
        165.26315307617188,
        170.5263214111328,
        158.73684692382812
      ],
      [
        160.8157958984375,
        166.94737243652344,
        154.9736785888672
      ],
      [
        163.6666717529297,
        170.38461303710938,
        158.0
      ],
      [
        167.97500610351562,
        175.35000610351562,
        162.8000030517578
      ]
    ],
    [
      [
        165.64285278320312,
        170.14285278320312,
        158.64285278320312
      ],
      [
        165.13043212890625,
        169.3913116455078,
        157.95652770996094
      ],
      [
        163.06666564941406,
        166.76666259765625,
        155.53334045410156
      ],
      [
        167.94444274902344,
        173.6666717529297,
        161.75
      ],
      [
        169.6857147216797,
        173.028564453125,
        161.91429138183594
      ],
      [
        165.86111450195312,
        169.94444274902344,
        158.5833282470703
      ],
      [
        164.9574432373047,
        169.68084716796875,
        158.36170959472656
      ],
      [
        165.16981506347656,
        171.50942993164062,
        159.33963012695312
      ],
      [
