{
  "rectangle": {
    "x1": 591,
    "y1": 608,
    "x2": 1147,
    "y2": 1002
  },
  "plate_type": "96",
  "calibration_dots": [
    [
      617,
      221
    ],
    [
      707,
      217
    ],
    [
      816,
      215
    ],
    [
      902,
      210
    ],
    [
      994,
      208
    ],
    [
      1087,
      202
    ],
    [
      616,
      311
    ],
    [
      707,
      315
    ],
    [
      807,
      306
    ],
    [
      904,
      303
    ],
    [
      996,
      308
    ],
    [
      1091,
      299
    ],
    [
      618,
      408
    ],
    [
      709,
      414
    ],
    [
      810,
      405
    ],
    [
      898,
      406
    ],
    [
      1004,
      394
    ],
    [
      1100,
      396
    ],
    [
      625,
      502
    ],
    [
      711,
      507
    ],
    [
      810,
      498
    ],
    [
      908,
      493
    ],
    [
      1008,
      489
    ],
    [
      1098,
      485
    ]
  ],
  "corners": [
    [
      591,
      637
    ],
    [
      1123,
      608
    ],
    [
      1147,
      967
    ],
    [
      608,
      1002
    ]
  ],
  "baseline_colors": [
    [
      [
        163.05633544921875,
        167.05633544921875,
        141.6056365966797
      ],
      [
        160.36734008789062,
        164.79591369628906,
        137.2857208251953
      ],
      [
        159.78378295898438,
        164.48648071289062,
        135.3783721923828
      ],
      [
        159.1311492919922,
        163.8688507080078,
        134.3114776611328
      ],
      [
        155.5660400390625,
        160.05661010742188,
        130.73585510253906
      ],
      [
        156.8333282470703,
        161.6666717529297,
        131.1458282470703
      ],
      [
        157.14285278320312,
        161.42857360839844,
        132.25714111328125
      ],
      [
        157.27499389648438,
        162.22500610351562,
        131.9499969482422
      ],
      [
        159.11904907226562,
        163.2857208251953,
        136.8095245361328
      ],
      [
        158.77999877929688,
        162.97999572753906,
        136.66000366210938
      ],
      [
        160.15625,
        164.1875,
        138.15625
      ],
      [
        168.46875,
        172.578125,
        149.640625
      ]
    ],
    [
      [
        159.77499389648438,
        164.10000610351562,
        137.4250030517578
      ],
      [
        161.4736785888672,
        165.45614624023438,
        138.85964965820312
      ],
      [
        158.046875,
        162.53125,
        133.859375
      ],
      [
        161.72308349609375,
        166.58460998535156,
        136.35385131835938
      ],
      [
        154.015869140625,
        158.7142791748047,
        127.98412322998047
      ],
      [
        156.0,
        160.65672302246094,
        129.26866149902344
      ],
      [
        152.95555114746094,
        157.22222900390625,
        127.88888549804688
      ],
      [
        154.72727966308594,
        159.27272033691406,
        130.18182373046875
      ],
      [
        159.16363525390625,
        163.4545440673828,
        136.16363525390625
      ],
      [
        155.92105102539062,
        160.1052703857422,
        133.1052703857422
      ],
      [
        156.10256958007812,
        160.07691955566406,
        134.7179412841797
      ],
      [
        165.0,
        168.60000610351562,
        146.64614868164062
      ]
    ],
    [
      [
        163.14285278320312,
        167.2063446044922,
        140.85714721679688
      ],
      [
        157.12765502929688,
        161.0425567626953,
        133.89361572265625
      ],
      [
        156.88461303710938,
        161.01922607421875,
        133.07691955566406
      ],
      [
        159.5806427001953,
        164.1774139404297,
        134.16128540039062
      ],
      [
        155.89830017089844,
        160.47457885742188,
        130.54237365722656
      ],
      [
        159.0,
        163.63333129882812,
        133.21665954589844
      ],
      [
        156.35556030273438,
        161.15554809570312,
        131.1999969482422
      ],
      [
        153.0500030517578,
        157.8000030517578,
        127.5
      ],
      [
        155.1081085205078,
        159.40541076660156,
        131.51351928710938
      ],
      [
        158.75,
        162.8249969482422,
        136.25
      ],
      [
        167.0465087890625,
        170.9534912109375,
        146.44186401367188
      ],
      [
        163.57142639160156,
        167.40475463867188,
        144.4761962890625
      ]
    ],
    [
      [
        165.60000610351562,
        169.53334045410156,
        143.53334045410156
      ],
      [
        161.8000030517578,
        165.75999450683594,
        139.0399932861328
      ],
      [
        159.80702209472656,
        164.45614624023438,
        136.1052703857422
      ],
      [
        160.29824829101562,
        164.45614624023438,
        135.26315307617188
      ],
      [
        157.9199981689453,
        162.22000122070312,
        132.55999755859375
      ],
      [
        159.7142791748047,
        164.3392791748047,
        135.17857360839844
      ],
      [
        155.61538696289062,
        159.86538696289062,
        132.36538696289062
      ],
      [
        155.6086883544922,
        159.45652770996094,
        132.2391357421875
      ],
      [
        156.0,
        160.40908813476562,
        132.93182373046875
      ],
      [
        168.4545440673828,
        172.43182373046875,
        148.11363220214844
      ],
      [
        165.36170959472656,
        169.27659606933594,
        146.06382751464844
      ],
      [
        165.90164184570312,
        169.6885223388672,
        146.63934326171875
      ]
    ],
    [
      [
        161.4081573486328,
        164.87754821777344,
        142.9591827392578
      ],
      [
        165.53192138671875,
        169.55319213867188,
        143.6170196533203
      ],
      [
        157.6666717529297,
        161.8431396484375,
        134.8235321044922
      ],
      [
        156.60000610351562,
        161.05455017089844,
        132.74545288085938
      ],
      [
        158.2413787841797,
        162.58621215820312,
        134.65516662597656
      ],
      [
        164.55224609375,
        168.6865692138672,
        142.3880615234375
      ],
      [
        162.1999969482422,
        166.5076904296875,
        139.3384552001953
      ],
      [
        159.1999969482422,
        163.47500610351562,
        135.875
      ],
      [
        160.46511840820312,
        164.6511688232422,
        137.6511688232422
      ],
      [
        164.14285278320312,
        167.82142639160156,
        142.82142639160156
      ],
      [
        167.44680786132812,
        171.2127685546875,
        148.55319213867188
      ],
      [
        169.51515197753906,
        172.60606384277344,
        152.3030242919922
      ]
    ],
    [
      [
        166.65957641601562,
        170.65957641601562,
        147.31915283203125
      ],
      [
        164.5,
        168.5,
        143.35714721679688
      ],
      [
        159.17391967773438,
        163.3478240966797,
        136.45652770996094
      ],
      [
        160.796875,
        164.828125,
        137.96875
      ],
      [
        155.9629669189453,
        159.9629669189453,
        133.0370330810547
      ],
      [
        169.35484313964844,
        173.3709716796875,
        146.61289978027344
      ],
      [
        165.6271209716797,
        169.8474578857422,
        142.9322052001953
      ],
      [
        165.16128540039062,
        169.2096710205078,
        143.8709716796875
      ],
      [
        163.1914825439453,
        167.14894104003906,
        142.1914825439453
      ],
      [
        166.0,
        169.90565490722656,
        146.84906005859375
      ],
      [
        170.02438354492188,
        173.34146118164062,
        151.85365295410156
      ],
      [
