{
  "rectangle": {
    "x1": 838,
    "y1": 175,
    "x2": 1284,
    "y2": 850
  },
  "plate_type": "96",
  "corners": [
    [
      840,
      850
    ],
    [
      838,
      181
    ],
    [
      1280,
      175
    ],
    [
      1284,
      842
    ]
  ],
  "baseline_colors": [
    [
      [
        121.40351104736328,
        125.45613861083984,
        126.47368621826172
      ],
      [
        124.01612854003906,
        129.4516143798828,
        132.30645751953125
      ],
      [
        121.61428833007812,
        127.5999984741211,
        128.1714324951172
      ],
      [
        125.55844116210938,
        131.7662353515625,
        132.38961791992188
      ],
      [
        126.31999969482422,
        131.27999877929688,
        133.32000732421875
      ],
      [
        124.9102554321289,
        131.7820587158203,
        134.03846740722656
      ],
      [
        122.53845977783203,
        128.1666717529297,
        130.92308044433594
      ],
      [
        124.35443115234375,
        130.59494018554688,
        133.1392364501953
      ],
      [
        123.37974548339844,
        129.24050903320312,
        131.63290405273438
      ],
      [
        123.55128479003906,
        131.12820434570312,
        133.26922607421875
      ],
      [
        119.06410217285156,
        126.94871520996094,
        128.9871826171875
      ],
      [
        116.92308044433594,
        120.46154022216797,
        126.12820434570312
      ]
    ],
    [
      [
        120.83333587646484,
        125.95454406738281,
        126.30303192138672
      ],
      [
        123.4871826171875,
        127.38461303710938,
        128.65383911132812
      ],
      [
        124.80882263183594,
        129.2058868408203,
        130.23529052734375
      ],
      [
        124.52631378173828,
        128.51315307617188,
        129.98684692382812
      ],
      [
        125.88461303710938,
        129.7179412841797,
        131.07691955566406
      ],
      [
        126.80769348144531,
        130.1794891357422,
        132.57691955566406
      ],
      [
        128.9857177734375,
        131.85714721679688,
        135.05714416503906
      ],
      [
        123.5846176147461,
        128.39999389648438,
        128.96923828125
      ],
      [
        125.42105102539062,
        129.7105255126953,
        130.65789794921875
      ],
      [
        123.9749984741211,
        128.0500030517578,
        129.28750610351562
      ],
      [
        118.92500305175781,
        123.0,
        126.0
      ],
      [
        118.72151947021484,
        120.7088623046875,
        124.02531433105469
      ]
    ],
    [
      [
        123.56521606445312,
        127.02898406982422,
        128.2318878173828
      ],
      [
        123.54545593261719,
        127.36363983154297,
        129.09091186523438
      ],
      [
        129.03921508789062,
        132.58824157714844,
        134.27450561523438
      ],
      [
        125.13999938964844,
        130.16000366210938,
        132.3800048828125
      ],
      [
        126.29486846923828,
        130.60256958007812,
        131.57691955566406
      ],
      [
        126.87323760986328,
        129.73239135742188,
        130.73239135742188
      ],
      [
        123.92982482910156,
        127.49122619628906,
        128.7894744873047
      ],
      [
        125.09589385986328,
        129.94520568847656,
        131.0410919189453
      ],
      [
        126.2750015258789,
        127.4625015258789,
        128.9375
      ],
      [
        123.0506362915039,
        126.9240493774414,
        129.54429626464844
      ],
      [
        117.94999694824219,
        122.51249694824219,
        124.75
      ],
      [
        117.34615325927734,
        120.80769348144531,
        122.9871826171875
      ]
    ],
    [
      [
        122.81159210205078,
        126.81159210205078,
        127.89855194091797
      ],
      [
        130.3265380859375,
        131.448974609375,
        133.448974609375
      ],
      [
        131.59524536132812,
        135.59524536132812,
        136.59524536132812
      ],
      [
        125.2272720336914,
        129.1212158203125,
        130.15151977539062
      ],
      [
        126.70769500732422,
        128.53846740722656,
        130.2153778076172
      ],
      [
        125.20779418945312,
        129.16883850097656,
        130.44155883789062
      ],
      [
        124.88607788085938,
        128.45570373535156,
        129.81011962890625
      ],
      [
        125.05000305175781,
        129.08749389648438,
        130.125
      ],
      [
        125.68571472167969,
        130.1857147216797,
        131.04286193847656
      ],
      [
        124.57353210449219,
        127.54412078857422,
        129.66175842285156
      ],
      [
        120.0875015258789,
        124.0875015258789,
        127.0875015258789
      ],
      [
        118.50633239746094,
        121.13924407958984,
        124.87342071533203
      ]
    ],
    [
      [
        127.13235473632812,
        128.14706420898438,
        129.36764526367188
      ],
      [
        128.18182373046875,
        129.40908813476562,
        127.51515197753906
      ],
      [
        127.84285736083984,
        130.64285278320312,
        132.7857208251953
      ],
      [
        126.734375,
        130.546875,
        132.5
      ],
      [
        124.52381134033203,
        128.26983642578125,
        129.85714721679688
      ],
      [
        125.65333557128906,
        129.4933319091797,
        131.17333984375
      ],
      [
        127.67105102539062,
        130.57894897460938,
        131.92105102539062
      ],
      [
        128.08570861816406,
        131.41429138183594,
        134.35714721679688
      ],
      [
        128.840576171875,
        131.0,
        132.5797119140625
      ],
      [
        123.23999786376953,
        126.68000030517578,
        127.8933334350586
      ],
      [
        121.0128173828125,
        124.88461303710938,
        127.02564239501953
      ],
      [
        119.30000305175781,
        122.3125,
        124.5999984741211
      ]
    ],
    [
      [
        124.18461608886719,
        127.96923065185547,
        129.23077392578125
      ],
      [
        127.41666412353516,
        131.4166717529297,
        132.4499969482422
      ],
      [
        129.796875,
        131.90625,
        133.421875
      ],
      [
        126.586669921875,
        130.63999938964844,
        131.74667358398438
      ],
      [
        128.3142852783203,
        132.38571166992188,
        134.0142822265625
      ],
      [
        130.0416717529297,
        133.77777099609375,
        134.84722900390625
      ],
      [
        128.76712036132812,
        132.76712036132812,
        134.20547485351562
      ],
      [
        127.89041137695312,
        130.50685119628906,
        131.9178009033203
      ],
      [
        126.34210205078125,
        130.30262756347656,
        131.84210205078125
      ],
      [
        127.15584564208984,
        129.83116149902344,
        133.32467651367188
      ],
      [
        124.4246597290039,
        128.20547485351562,
        130.23287963867188
      ],
      [
        121.13157653808594,
        124.72368621826172,
        127.21052551269531
      ]
    ],
    [
      [
        128.04225158691406,
        133.02816772460938,
        134.7183074951172
      ],
      [
        132.2857208251953,
        134.39682006835938,
        135.92063903808594
      ],
      [
        127.07499694824219,
        131.0749969482422,
        132.85000610351562
      ],
      [
        127.47142791748047,
        132.41429138183594,
        133.028564453125
      ],
      [
        128.94667053222656,
        132.94667053222656,
        134.8800048828125
      ],
      [
        129.1884002685547,
        133.1884002685547,
        134.1884002685547
      ],
      [
        130.27777099609375,
