{
  "rectangle": {
    "x1": 624,
    "y1": 598,
    "x2": 1173,
    "y2": 971
  },
  "plate_type": "96",
  "calibration_dots": [
    [
      674,
      199
    ],
    [
      773,
      198
    ],
    [
      868,
      203
    ],
    [
      964,
      210
    ],
    [
      1057,
      210
    ],
    [
      1140,
      216
    ],
    [
      671,
      294
    ],
    [
      764,
      293
    ],
    [
      865,
      298
    ],
    [
      953,
      300
    ],
    [
      1056,
      300
    ],
    [
      1155,
      306
    ],
    [
      664,
      382
    ],
    [
      758,
      392
    ],
    [
      861,
      391
    ],
    [
      960,
      396
    ],
    [
      1031,
      404
    ],
    [
      1134,
      404
    ],
    [
      656,
      475
    ],
    [
      755,
      487
    ],
    [
      848,
      480
    ],
    [
      948,
      491
    ],
    [
      1031,
      492
    ],
    [
      1129,
      496
    ]
  ],
  "corners": [
    [
      641,
      598
    ],
    [
      1173,
      614
    ],
    [
      1170,
      971
    ],
    [
      624,
      953
    ]
  ],
  "baseline_colors": [
    [
      [
        131.9545440673828,
        159.11363220214844,
        180.0
      ],
      [
        131.60377502441406,
        159.94338989257812,
        179.867919921875
      ],
      [
        122.38461303710938,
        143.26922607421875,
        164.07691955566406
      ],
      [
        126.67567443847656,
        152.29730224609375,
        172.8378448486328
      ],
      [
        126.7021255493164,
        151.51063537597656,
        173.23403930664062
      ],
      [
        123.78571319580078,
        146.57142639160156,
        167.85714721679688
      ],
      [
        117.52941131591797,
        138.1764678955078,
        160.26470947265625
      ],
      [
        124.83673095703125,
        148.38775634765625,
        170.9591827392578
      ],
      [
        123.89583587646484,
        148.5625,
        170.4166717529297
      ],
      [
        128.5957489013672,
        153.36170959472656,
        176.5957489013672
      ],
      [
        125.24193572998047,
        147.90322875976562,
        172.1290283203125
      ],
      [
        125.67500305175781,
        148.60000610351562,
        175.1750030517578
      ]
    ],
    [
      [
        131.06060791015625,
        156.06060791015625,
        178.4242401123047
      ],
      [
        131.8000030517578,
        159.42857360839844,
        180.37142944335938
      ],
      [
        130.93333435058594,
        156.95555114746094,
        177.53334045410156
      ],
      [
        129.27906799316406,
        155.51162719726562,
        177.97674560546875
      ],
      [
        130.1836700439453,
        156.97959899902344,
        179.0
      ],
      [
        123.46511840820312,
        146.8372039794922,
        168.8372039794922
      ],
      [
        126.4871826171875,
        150.64102172851562,
        172.87179565429688
      ],
      [
        129.5,
        155.42857360839844,
        177.35714721679688
      ],
      [
        130.78431701660156,
        157.21568298339844,
        179.78431701660156
      ],
      [
        132.13558959960938,
        158.57627868652344,
        181.42372131347656
      ],
      [
        135.25926208496094,
        159.8148193359375,
        183.40740966796875
      ],
      [
        127.23529052734375,
        150.08824157714844,
        176.85293579101562
      ]
    ],
    [
      [
        137.18182373046875,
        165.2045440673828,
        186.77272033691406
      ],
      [
        135.16949462890625,
        162.54237365722656,
        183.01695251464844
      ],
      [
        133.9803924560547,
        160.25489807128906,
        182.76470947265625
      ],
      [
        133.8285675048828,
        159.0,
        180.05714416503906
      ],
      [
        134.43243408203125,
        160.05404663085938,
        182.8648681640625
      ],
      [
        134.875,
        161.8125,
        183.9166717529297
      ],
      [
        137.0,
        164.62745666503906,
        187.4509735107422
      ],
      [
        135.4423065185547,
        161.48077392578125,
        185.48077392578125
      ],
      [
        139.8800048828125,
        167.27999877929688,
        189.5
      ],
      [
        138.26666259765625,
        166.13333129882812,
        188.64443969726562
      ],
      [
        137.015869140625,
        162.984130859375,
        188.26983642578125
      ],
      [
        135.6764678955078,
        160.91175842285156,
        187.76470947265625
      ]
    ],
    [
      [
        137.8000030517578,
        166.0500030517578,
        187.85000610351562
      ],
      [
        136.93333435058594,
        165.44444274902344,
        187.04444885253906
      ],
      [
        135.8095245361328,
        162.3095245361328,
        184.3333282470703
      ],
      [
        133.80435180664062,
        158.80435180664062,
        181.95652770996094
      ],
      [
        136.21621704101562,
        162.40541076660156,
        184.9729766845703
      ],
      [
        129.63333129882812,
        151.03334045410156,
        173.6999969482422
      ],
      [
        128.6764678955078,
        151.9705810546875,
        175.14706420898438
      ],
      [
        132.4761962890625,
        158.3095245361328,
        180.35714721679688
      ],
      [
        137.34091186523438,
        165.15908813476562,
        187.4545440673828
      ],
      [
        136.5208282470703,
        162.2083282470703,
        186.1041717529297
      ],
      [
        135.8157958984375,
        159.07894897460938,
        185.8157958984375
      ],
      [
        137.26666259765625,
        163.39999389648438,
        189.64443969726562
      ]
    ],
    [
      [
        138.625,
        166.22500610351562,
        190.5
      ],
      [
        138.48837280273438,
        165.2558135986328,
        189.76744079589844
      ],
      [
        140.5500030517578,
        169.0500030517578,
        191.6999969482422
      ],
      [
        142.67442321777344,
        169.48837280273438,
        193.2093048095703
      ],
      [
        145.22222900390625,
        172.59259033203125,
        195.62962341308594
      ],
      [
        145.84375,
        174.03125,
        196.71875
      ],
      [
        143.47500610351562,
        171.375,
        194.97500610351562
      ],
      [
        139.1621551513672,
        166.9729766845703,
        189.1621551513672
      ],
      [
        141.9591827392578,
        169.91836547851562,
        193.79591369628906
      ],
      [
        138.40541076660156,
        164.67567443847656,
        189.1081085205078
      ],
      [
        136.84616088867188,
        162.10256958007812,
        188.7948760986328
      ],
      [
        135.25714111328125,
        159.7142791748047,
        187.11428833007812
      ]
    ],
    [
      [
        146.25,
        173.97500610351562,
        200.3000030517578
      ],
      [
        138.85105895996094,
        166.8085174560547,
        190.85105895996094
      ],
      [
        139.94871520996094,
        166.1794891357422,
        192.38461303710938
      ],
      [
        139.60464477539062,
        165.6976776123047,
        189.39535522460938
      ],
      [
        138.8648681640625,
        163.9729766845703,
        188.54054260253906
      ],
      [
        133.88888549804688,
        156.72222900390625,
        182.19444274902344
      ],
      [
        133.8000030517578,
        159.0,
        184.39999389648438
      ],
      [
        138.2894744873047,
        163.7105255126953,
        188.73684692382812
      ],
      [
        136.5918426513672,
        161.69387817382812,
        186.08163452148438
      ],
      [
        141.63636779785156,
        167.86363220214844,
        193.97727966308594
      ],
      [
        137.60975646972656,
        161.756103515625,
