{
  "rectangle": {
    "x1": 547,
    "y1": 593,
    "x2": 1094,
    "y2": 963
  },
  "plate_type": "96",
  "calibration_dots": [
    [
      594,
      199
    ],
    [
      693,
      202
    ],
    [
      783,
      206
    ],
    [
      873,
      215
    ],
    [
      985,
      203
    ],
    [
      1070,
      211
    ],
    [
      596,
      287
    ],
    [
      691,
      290
    ],
    [
      784,
      298
    ],
    [
      874,
      309
    ],
    [
      976,
      290
    ],
    [
      1070,
      303
    ],
    [
      583,
      386
    ],
    [
      681,
      388
    ],
    [
      772,
      391
    ],
    [
      863,
      388
    ],
    [
      968,
      397
    ],
    [
      1069,
      399
    ],
    [
      589,
      476
    ],
    [
      683,
      487
    ],
    [
      773,
      478
    ],
    [
      870,
      485
    ],
    [
      981,
      489
    ],
    [
      1060,
      493
    ]
  ],
  "corners": [
    [
      553,
      593
    ],
    [
      1089,
      603
    ],
    [
      1094,
      963
    ],
    [
      547,
      961
    ]
  ],
  "baseline_colors": [
    [
      [
        171.05357360839844,
        170.69642639160156,
        152.0357208251953
      ],
      [
        164.5,
        165.95237731933594,
        145.14285278320312
      ],
      [
        161.6521759033203,
        163.43478393554688,
        142.3478240966797
      ],
      [
        160.44444274902344,
        161.3111114501953,
        139.8000030517578
      ],
      [
        157.65306091308594,
        157.8163299560547,
        136.42857360839844
      ],
      [
        153.13954162597656,
        152.7906951904297,
        129.44186401367188
      ],
      [
        153.242431640625,
        152.84848022460938,
        130.48484802246094
      ],
      [
        157.35714721679688,
        156.8095245361328,
        135.57142639160156
      ],
      [
        157.21621704101562,
        156.21621704101562,
        135.40541076660156
      ],
      [
        152.48484802246094,
        152.03030395507812,
        131.3030242919922
      ],
      [
        149.84375,
        147.90625,
        127.84375
      ],
      [
        157.89654541015625,
        159.58621215820312,
        139.1724090576172
      ]
    ],
    [
      [
        165.6923065185547,
        166.4423065185547,
        147.9423065185547
      ],
      [
        165.67442321777344,
        164.53488159179688,
        145.2093048095703
      ],
      [
        167.3428497314453,
        166.1714324951172,
        146.74285888671875
      ],
      [
        172.4705810546875,
        174.4705810546875,
        150.23529052734375
      ],
      [
        153.8076934814453,
        152.26922607421875,
        131.5
      ],
      [
        159.13333129882812,
        159.1999969482422,
        138.39999389648438
      ],
      [
        154.47500610351562,
        153.4499969482422,
        131.89999389648438
      ],
      [
        161.1999969482422,
        161.88888549804688,
        140.42222595214844
      ],
      [
        147.64515686035156,
        144.93548583984375,
        121.93548583984375
      ],
      [
        148.54054260253906,
        146.94595336914062,
        126.56756591796875
      ],
      [
        160.78048706054688,
        162.1219482421875,
        142.09756469726562
      ],
      [
        164.5,
        165.29310607910156,
        147.4310302734375
      ]
    ],
    [
      [
        174.82691955566406,
        176.07691955566406,
        156.78846740722656
      ],
      [
        175.8333282470703,
        178.02777099609375,
        157.88888549804688
      ],
      [
        165.5500030517578,
        166.1750030517578,
        147.375
      ],
      [
        164.96969604492188,
        166.5454559326172,
        144.48484802246094
      ],
      [
        164.13954162597656,
        164.27906799316406,
        145.41860961914062
      ],
      [
        159.34146118164062,
        159.36585998535156,
        137.9512176513672
      ],
      [
        165.26470947265625,
        162.5,
        143.35293579101562
      ],
      [
        172.39999389648438,
        173.60000610351562,
        151.4857177734375
      ],
      [
        158.60000610351562,
        159.85000610351562,
        138.4499969482422
      ],
      [
        160.9729766845703,
        162.43243408203125,
        142.18919372558594
      ],
      [
        157.974365234375,
        157.35897827148438,
        137.74359130859375
      ],
      [
        165.55999755859375,
        166.66000366210938,
        147.8000030517578
      ]
    ],
    [
      [
        163.8000030517578,
        164.66000366210938,
        147.5800018310547
      ],
      [
        160.88636779785156,
        161.90908813476562,
        142.43182373046875
      ],
      [
        156.10714721679688,
        157.5357208251953,
        136.85714721679688
      ],
      [
        160.3030242919922,
        160.96969604492188,
        140.3030242919922
      ],
      [
        165.44827270507812,
        166.96551513671875,
        147.7586212158203
      ],
      [
        158.56756591796875,
        157.18919372558594,
        135.9729766845703
      ],
      [
        164.5806427001953,
        164.8709716796875,
        144.90322875976562
      ],
      [
        161.38461303710938,
        161.5,
        141.6923065185547
      ],
      [
        171.73333740234375,
        173.39999389648438,
        152.13333129882812
      ],
      [
        161.59259033203125,
        162.44444274902344,
        144.37037658691406
      ],
      [
        156.94737243652344,
        157.57894897460938,
        137.5263214111328
      ],
      [
        165.88636779785156,
        167.77272033691406,
        150.9545440673828
      ]
    ],
    [
      [
        162.3333282470703,
        163.3076934814453,
        146.974365234375
      ],
      [
        164.60000610351562,
        165.1714324951172,
        145.37142944335938
      ],
      [
        160.51162719726562,
        160.93023681640625,
        142.0465087890625
      ],
      [
        163.24000549316406,
        164.13999938964844,
        143.74000549316406
      ],
      [
        167.74510192871094,
        168.21568298339844,
        149.60784912109375
      ],
      [
        166.21875,
        166.125,
        146.8125
      ],
      [
        173.25,
        174.25,
        154.7083282470703
      ],
      [
        165.43902587890625,
        164.78048706054688,
        145.1707305908203
      ],
      [
        169.42308044433594,
        171.01922607421875,
        150.15383911132812
      ],
      [
        159.25,
        158.89999389648438,
        140.39999389648438
      ],
      [
        165.9199981689453,
        166.47999572753906,
        147.9199981689453
      ],
      [
        165.05404663085938,
        166.1621551513672,
        149.8918914794922
      ]
    ],
    [
      [
        160.84375,
        161.0,
        143.46875
      ],
      [
        157.9736785888672,
        158.36842346191406,
        139.57894897460938
      ],
      [
        153.89999389648438,
        152.125,
        134.375
      ],
      [
        152.87179565429688,
        151.3076934814453,
        133.3333282470703
      ],
      [
        155.1714324951172,
        153.77142333984375,
        134.57142639160156
      ],
      [
        157.125,
        155.75,
        136.15625
      ],
      [
        159.0,
        157.09091186523438,
        139.242431640625
      ],
      [
        165.47727966308594,
        165.31817626953125,
        146.81817626953125
      ],
      [
        158.46340942382812,
        158.63414001464844,
        141.36585998535156
      ],
      [
        154.73333740234375,
        153.26666259765625,
        135.62222290039062
      ],
      [
        160.5,
        160.5,
        142.92857360839844
      ],
      [
        165.04347229003906,
