{
  "rectangle": {
    "x1": 635,
    "y1": 598,
    "x2": 1177,
    "y2": 968
  },
  "plate_type": "96",
  "calibration_dots": [
    [
      674,
      199
    ],
    [
      773,
      198
    ],
    [
      868,
      203
    ],
    [
      964,
      210
    ],
    [
      1057,
      210
    ],
    [
      1140,
      216
    ],
    [
      671,
      294
    ],
    [
      764,
      293
    ],
    [
      865,
      298
    ],
    [
      953,
      300
    ],
    [
      1056,
      300
    ],
    [
      1155,
      306
    ],
    [
      664,
      382
    ],
    [
      758,
      392
    ],
    [
      861,
      391
    ],
    [
      960,
      396
    ],
    [
      1031,
      404
    ],
    [
      1134,
      404
    ],
    [
      656,
      475
    ],
    [
      759,
      482
    ],
    [
      848,
      480
    ],
    [
      948,
      491
    ],
    [
      1031,
      492
    ],
    [
      1129,
      496
    ]
  ],
  "corners": [
    [
      641,
      598
    ],
    [
      1177,
      606
    ],
    [
      1171,
      968
    ],
    [
      635,
      959
    ]
  ],
  "baseline_colors": [
    [
      [
        155.9199981689453,
        165.0,
        148.27999877929688
      ],
      [
        145.09091186523438,
        151.78787231445312,
        133.18182373046875
      ],
      [
        146.56756591796875,
        153.40541076660156,
        135.8918914794922
      ],
      [
        143.4642791748047,
        149.92857360839844,
        131.7857208251953
      ],
      [
        143.10000610351562,
        150.13333129882812,
        132.06666564941406
      ],
      [
        137.09677124023438,
        141.0,
        123.25806427001953
      ],
      [
        137.4146270751953,
        142.8292694091797,
        125.70731353759766
      ],
      [
        143.1777801513672,
        149.022216796875,
        133.04444885253906
      ],
      [
        140.625,
        145.8958282470703,
        129.1458282470703
      ],
      [
        139.0208282470703,
        143.6041717529297,
        128.0833282470703
      ],
      [
        130.56666564941406,
        132.0,
        118.5999984741211
      ],
      [
        147.59259033203125,
        153.92591857910156,
        139.92591857910156
      ]
    ],
    [
      [
        151.05555725097656,
        158.77777099609375,
        143.27777099609375
      ],
      [
        150.93023681640625,
        158.23255920410156,
        142.60464477539062
      ],
      [
        147.14706420898438,
        150.61764526367188,
        134.8235321044922
      ],
      [
        142.36363220214844,
        149.15151977539062,
        132.4242401123047
      ],
      [
        152.57142639160156,
        160.2142791748047,
        143.42857360839844
      ],
      [
        140.27272033691406,
        144.27272033691406,
        125.51515197753906
      ],
      [
        141.6904754638672,
        146.40475463867188,
        129.2142791748047
      ],
      [
        144.6976776123047,
        151.86045837402344,
        135.1627960205078
      ],
      [
        143.36363220214844,
        148.72727966308594,
        132.72727966308594
      ],
      [
        149.1999969482422,
        157.60000610351562,
        141.44000244140625
      ],
      [
        146.1999969482422,
        153.022216796875,
        138.53334045410156
      ],
      [
        148.90196228027344,
        155.76470947265625,
        141.9803924560547
      ]
    ],
    [
      [
        153.33963012695312,
        162.47169494628906,
        146.867919921875
      ],
      [
        147.19354248046875,
        153.48387145996094,
        138.2903289794922
      ],
      [
        156.78787231445312,
        163.27272033691406,
        147.93939208984375
      ],
      [
        151.8709716796875,
        160.25807189941406,
        139.93548583984375
      ],
      [
        142.6216278076172,
        146.67567443847656,
        130.0
      ],
      [
        150.37037658691406,
        154.92591857910156,
        137.25926208496094
      ],
      [
        145.10256958007812,
        146.07691955566406,
        126.84615325927734
      ],
      [
        154.7058868408203,
        163.85293579101562,
        146.38235473632812
      ],
      [
        135.1481475830078,
        139.55555725097656,
        123.55555725097656
      ],
      [
        142.96551513671875,
        147.9310302734375,
        132.55172729492188
      ],
      [
        157.73170471191406,
        165.51219177246094,
        150.5853729248047
      ],
      [
        152.7894744873047,
        160.2894744873047,
        145.94737243652344
      ]
    ],
    [
      [
        134.53125,
        140.0625,
        124.96875
      ],
      [
        150.6976776123047,
        158.86045837402344,
        142.76744079589844
      ],
      [
        157.03334045410156,
        165.86666870117188,
        148.63333129882812
      ],
      [
        144.22222900390625,
        149.8518524169922,
        134.62962341308594
      ],
      [
        143.7179412841797,
        149.74359130859375,
        133.87179565429688
      ],
      [
        141.76922607421875,
        146.88461303710938,
        130.61538696289062
      ],
      [
        146.91175842285156,
        153.41175842285156,
        138.14706420898438
      ],
      [
        143.47825622558594,
        149.43478393554688,
        134.67391967773438
      ],
      [
        142.21739196777344,
        148.0,
        133.63043212890625
      ],
      [
        140.90475463867188,
        145.8095245361328,
        132.23809814453125
      ],
      [
        151.06382751464844,
        158.2127685546875,
        143.63829040527344
      ],
      [
        149.85365295410156,
        156.4146270751953,
        143.48780822753906
      ]
    ],
    [
      [
        147.5660400390625,
        154.33963012695312,
        139.3018798828125
      ],
      [
        150.2051239013672,
        156.84616088867188,
        141.974365234375
      ],
      [
        163.9130401611328,
        172.86956787109375,
        157.0
      ],
      [
        147.6774139404297,
        153.64515686035156,
        138.8709716796875
      ],
      [
        145.9375,
        151.625,
        137.4375
      ],
      [
        157.28125,
        165.0625,
        149.5625
      ],
      [
        155.61538696289062,
        164.10256958007812,
        148.025634765625
      ],
      [
        142.5,
        148.57691955566406,
        133.38461303710938
      ],
      [
        148.15383911132812,
        155.7179412841797,
        140.92308044433594
      ],
      [
        154.7083282470703,
        162.2916717529297,
        147.4583282470703
      ],
      [
        160.48275756835938,
        169.34483337402344,
        155.2413787841797
      ],
      [
        148.2452850341797,
        155.0,
        142.6226348876953
      ]
    ],
    [
      [
        149.56756591796875,
        156.18919372558594,
        141.64865112304688
      ],
      [
        144.16363525390625,
        150.81817626953125,
        135.83636474609375
      ],
      [
        143.4545440673828,
        148.13636779785156,
        135.59091186523438
      ],
      [
        148.63829040527344,
        154.36170959472656,
        139.6170196533203
      ],
      [
        151.39999389648438,
        158.0,
        143.3000030517578
      ],
      [
        145.1923065185547,
        150.88461303710938,
        136.23077392578125
      ],
      [
        150.77142333984375,
        157.1999969482422,
        143.6571502685547
      ],
      [
        145.38235473632812,
        151.61764526367188,
        137.88235473632812
      ],
      [
        149.96665954589844,
        156.23333740234375,
        142.86666870117188
      ],
      [
        149.27272033691406,
        155.96969604492188,
        141.60606384277344
      ],
      [
        155.10345458984375,
        162.41378784179688,
