{
  "rectangle": {
    "x1": 893,
    "y1": 191,
    "x2": 1349,
    "y2": 868
  },
  "plate_type": "96",
  "corners": [
    [
      893,
      859
    ],
    [
      902,
      191
    ],
    [
      1349,
      195
    ],
    [
      1343,
      868
    ]
  ],
  "baseline_colors": [
    [
      [
        157.6857147216797,
        156.74285888671875,
        151.62857055664062
      ],
      [
        158.93939208984375,
        157.8030242919922,
        152.98484802246094
      ],
      [
        157.40350341796875,
        154.0,
        150.29824829101562
      ],
      [
        157.32876586914062,
        156.20547485351562,
        151.82191467285156
      ],
      [
        157.34210205078125,
        154.13157653808594,
        151.3947296142578
      ],
      [
        158.90908813476562,
        155.8441619873047,
        153.1558380126953
      ],
      [
        154.04615783691406,
        151.2153778076172,
        147.7076873779297
      ],
      [
        157.0500030517578,
        154.1750030517578,
        151.5500030517578
      ],
      [
        157.03750610351562,
        154.375,
        151.47500610351562
      ],
      [
        155.97183227539062,
        153.66197204589844,
        151.22535705566406
      ],
      [
        151.30137634277344,
        148.94520568847656,
        146.49314880371094
      ],
      [
        152.22857666015625,
        149.42857360839844,
        147.85714721679688
      ]
    ],
    [
      [
        156.92958068847656,
        154.0140838623047,
        148.6901397705078
      ],
      [
        159.51666259765625,
        157.14999389648438,
        152.14999389648438
      ],
      [
        161.015380859375,
        158.06153869628906,
        154.2923126220703
      ],
      [
        156.13954162597656,
        153.093017578125,
        148.18605041503906
      ],
      [
        161.12307739257812,
        157.12307739257812,
        154.12307739257812
      ],
      [
        159.0,
        155.0,
        152.24615478515625
      ],
      [
        158.3230743408203,
        153.95384216308594,
        150.95384216308594
      ],
      [
        158.87692260742188,
        152.984619140625,
        152.7076873779297
      ],
      [
        156.36508178710938,
        152.6825408935547,
        149.26983642578125
      ],
      [
        159.3174591064453,
        154.42857360839844,
        151.42857360839844
      ],
      [
        155.75384521484375,
        151.63076782226562,
        148.7846221923828
      ],
      [
        155.27272033691406,
        150.3116912841797,
        147.36363220214844
      ]
    ],
    [
      [
        158.47886657714844,
        155.95774841308594,
        150.85916137695312
      ],
      [
        161.03921508789062,
        158.03921508789062,
        151.03921508789062
      ],
      [
        157.04347229003906,
        154.6086883544922,
        148.71739196777344
      ],
      [
        160.88136291503906,
        158.0,
        153.03390502929688
      ],
      [
        156.85000610351562,
        153.10000610351562,
        150.25
      ],
      [
        158.09091186523438,
        154.09091186523438,
        151.0181884765625
      ],
      [
        159.578125,
        156.046875,
        151.078125
      ],
      [
        159.8095245361328,
        156.60317993164062,
        150.61904907226562
      ],
      [
        159.46875,
        156.34375,
        152.90625
      ],
      [
        156.6885223388672,
        152.7213134765625,
        149.65573120117188
      ],
      [
        154.39999389648438,
        150.62857055664062,
        148.88571166992188
      ],
      [
        156.59722900390625,
        152.5833282470703,
        149.47222900390625
      ]
    ],
    [
      [
        157.6774139404297,
        155.22579956054688,
        149.16128540039062
      ],
      [
        161.4107208251953,
        157.9107208251953,
        153.73214721679688
      ],
      [
        160.2786865234375,
        156.88523864746094,
        153.26229858398438
      ],
      [
        159.11111450195312,
        157.8518524169922,
        152.92591857910156
      ],
      [
        161.95237731933594,
        157.41270446777344,
        153.5079345703125
      ],
      [
        161.52272033691406,
        157.15908813476562,
        154.15908813476562
      ],
      [
        159.84375,
        155.953125,
        152.6875
      ],
      [
        161.37681579589844,
        156.0724639892578,
        153.13043212890625
      ],
      [
        155.4600067138672,
        153.86000061035156,
        149.3000030517578
      ],
      [
        159.61111450195312,
        155.4583282470703,
        152.48611450195312
      ],
      [
        156.55555725097656,
        151.72222900390625,
        148.73611450195312
      ],
      [
        160.0892791748047,
        155.0892791748047,
        152.0892791748047
      ]
    ],
    [
      [
        155.77420043945312,
        154.77420043945312,
        149.77420043945312
      ],
      [
        161.07546997070312,
        158.15093994140625,
        151.26414489746094
      ],
      [
        155.6666717529297,
        152.43589782714844,
        146.15383911132812
      ],
      [
        161.83636474609375,
        158.81817626953125,
        152.9818115234375
      ],
      [
        158.75,
        157.75,
        152.75
      ],
      [
        159.8909149169922,
        158.83636474609375,
        153.8727264404297
      ],
      [
        159.41175842285156,
        157.5735321044922,
        153.2205810546875
      ],
      [
        161.12307739257812,
        159.56922912597656,
        154.93846130371094
      ],
      [
        160.53030395507812,
        158.257568359375,
        154.10606384277344
      ],
      [
        158.82691955566406,
        154.88461303710938,
        151.84616088867188
      ],
      [
        156.23077392578125,
        153.04615783691406,
        149.3076934814453
      ],
      [
        159.2058868408203,
        155.36764526367188,
        152.48529052734375
      ]
    ],
    [
      [
        157.8783721923828,
        154.64865112304688,
        151.17567443847656
      ],
      [
        160.76596069335938,
        157.7446746826172,
        152.9574432373047
      ],
      [
        155.76190185546875,
        151.0238037109375,
        147.9761962890625
      ],
      [
        157.19354248046875,
        154.7903289794922,
        150.46774291992188
      ],
      [
        160.69354248046875,
        156.85484313964844,
        153.59677124023438
      ],
      [
        162.86538696289062,
        158.92308044433594,
        155.88461303710938
      ],
      [
        161.21875,
        160.171875,
        155.21875
      ],
      [
        163.3773651123047,
        159.49057006835938,
        156.41510009765625
      ],
      [
        160.5901641845703,
        156.6885223388672,
        154.09835815429688
      ],
      [
        160.76785278320312,
        156.76785278320312,
        153.76785278320312
      ],
      [
        163.11363220214844,
        159.11363220214844,
        156.11363220214844
      ],
      [
        161.86764526367188,
        157.6764678955078,
        154.63235473632812
      ]
    ],
    [
      [
        159.01515197753906,
        157.9242401123047,
        153.0454559326172
      ],
      [
        157.79244995117188,
        157.09434509277344,
        151.1886749267578
      ],
      [
        154.58489990234375,
        153.0188751220703,
        148.39622497558594
      ],
      [
        157.70213317871094,
        156.31915283203125,
        151.4042510986328
      ],
      [
        154.3333282470703,
        152.1666717529297,
        147.94444274902344
      ],
      [
        159.9199981689453,
        158.9199981689453,
        153.9199981689453
      ],
      [
        160.76922607421875,
        159.46153259277344,
        154.6666717529297
      ],
      [
