{
  "rectangle": {
    "x1": 547,
    "y1": 594,
    "x2": 1094,
    "y2": 963
  },
  "plate_type": "96",
  "corners": [
    [
      557,
      594
    ],
    [
      1089,
      603
    ],
    [
      1094,
      963
    ],
    [
      547,
      961
    ]
  ],
  "baseline_colors": [
    [
      [
        167.2096710205078,
        183.6290283203125,
        166.2903289794922
      ],
      [
        159.94444274902344,
        177.38888549804688,
        158.61111450195312
      ],
      [
        156.0487823486328,
        171.53659057617188,
        153.0731658935547
      ],
      [
        155.39285278320312,
        171.0,
        152.69642639160156
      ],
      [
        147.6216278076172,
        160.8918914794922,
        142.7567596435547
      ],
      [
        148.0,
        161.18182373046875,
        141.06060791015625
      ],
      [
        146.96875,
        159.375,
        141.09375
      ],
      [
        155.15625,
        169.96875,
        150.5625
      ],
      [
        140.38888549804688,
        152.13888549804688,
        134.86111450195312
      ],
      [
        156.43333435058594,
        172.46665954589844,
        153.89999389648438
      ],
      [
        147.22857666015625,
        159.4857177734375,
        142.25714111328125
      ],
      [
        159.92857360839844,
        177.45237731933594,
        159.09524536132812
      ]
    ],
    [
      [
        160.98077392578125,
        176.75,
        159.23077392578125
      ],
      [
        155.86538696289062,
        169.09616088867188,
        152.15383911132812
      ],
      [
        158.9818115234375,
        172.49090576171875,
        155.36363220214844
      ],
      [
        156.2093048095703,
        171.02325439453125,
        151.76744079589844
      ],
      [
        158.6774139404297,
        174.06451416015625,
        155.1290283203125
      ],
      [
        156.43136596679688,
        172.21568298339844,
        153.60784912109375
      ],
      [
        157.1702117919922,
        172.3829803466797,
        153.44680786132812
      ],
      [
        157.18605041503906,
        172.1627960205078,
        153.23255920410156
      ],
      [
        145.34375,
        156.6875,
        137.53125
      ],
      [
        150.72340393066406,
        164.34042358398438,
        146.08511352539062
      ],
      [
        156.94595336914062,
        173.3783721923828,
        155.43243408203125
      ],
      [
        160.84483337402344,
        177.58621215820312,
        159.8103485107422
      ]
    ],
    [
      [
        168.49180603027344,
        186.73770141601562,
        168.08197021484375
      ],
      [
        167.03030395507812,
        184.63636779785156,
        166.5454559326172
      ],
      [
        163.09616088867188,
        179.0576934814453,
        161.21153259277344
      ],
      [
        165.11111450195312,
        181.38888549804688,
        160.61111450195312
      ],
      [
        162.88636779785156,
        177.84091186523438,
        159.72727966308594
      ],
      [
        156.8333282470703,
        170.1875,
        151.5625
      ],
      [
        160.67999267578125,
        172.52000427246094,
        155.24000549316406
      ],
      [
        163.9705810546875,
        179.14706420898438,
        160.3235321044922
      ],
      [
        155.39999389648438,
        169.4857177734375,
        152.0
      ],
      [
        158.9705810546875,
        173.91175842285156,
        156.88235473632812
      ],
      [
        159.375,
        175.5500030517578,
        157.875
      ],
      [
        164.88136291503906,
        182.35592651367188,
        164.42372131347656
      ]
    ],
    [
      [
        161.53192138671875,
        178.85105895996094,
        162.34042358398438
      ],
      [
        157.27499389648438,
        173.60000610351562,
        155.97500610351562
      ],
      [
        157.5454559326172,
        172.5,
        154.90908813476562
      ],
      [
        155.90475463867188,
        171.2857208251953,
        153.45237731933594
      ],
      [
        163.77777099609375,
        180.44444274902344,
        162.0833282470703
      ],
      [
        157.23684692382812,
        170.13157653808594,
        152.8947296142578
      ],
      [
        163.39285278320312,
        179.42857360839844,
        161.10714721679688
      ],
      [
        158.60606384277344,
        174.3333282470703,
        156.48484802246094
      ],
      [
        164.57894897460938,
        180.8947296142578,
        163.0
      ],
      [
        152.03448486328125,
        166.0689697265625,
        149.65516662597656
      ],
      [
        157.86956787109375,
        173.54347229003906,
        156.6521759033203
      ],
      [
        161.56097412109375,
        178.19512939453125,
        162.26829528808594
      ]
    ],
    [
      [
        157.09259033203125,
        172.70370483398438,
        157.44444274902344
      ],
      [
        158.25,
        173.13636779785156,
        156.18182373046875
      ],
      [
        156.4339599609375,
        171.9811248779297,
        154.2452850341797
      ],
      [
        161.0892791748047,
        177.55357360839844,
        159.92857360839844
      ],
      [
        164.5416717529297,
        180.0208282470703,
        162.375
      ],
      [
        163.6052703857422,
        178.94737243652344,
        161.5
      ],
      [
        168.62069702148438,
        185.1896514892578,
        167.41378784179688
      ],
      [
        169.875,
        184.9375,
        166.75
      ],
      [
        163.5625,
        179.2083282470703,
        161.4166717529297
      ],
      [
        155.9705810546875,
        170.05882263183594,
        153.8235321044922
      ],
      [
        158.13954162597656,
        173.32557678222656,
        156.06976318359375
      ],
      [
        162.132080078125,
        178.73585510253906,
        163.3773651123047
      ]
    ],
    [
      [
        157.25714111328125,
        171.22857666015625,
        155.8000030517578
      ],
      [
        154.4242401123047,
        168.18182373046875,
        152.3030242919922
      ],
      [
        150.21951293945312,
        163.5853729248047,
        146.63414001464844
      ],
      [
        149.91175842285156,
        162.05882263183594,
        145.6764678955078
      ],
      [
        155.62962341308594,
        169.11111450195312,
        153.25926208496094
      ],
      [
        160.88095092773438,
        175.45237731933594,
        158.07142639160156
      ],
      [
        157.68084716796875,
        171.02127075195312,
        154.27659606933594
      ],
      [
        159.7906951904297,
        175.11627197265625,
        158.11627197265625
      ],
      [
        152.26470947265625,
        165.38235473632812,
        150.4705810546875
      ],
      [
        159.94285583496094,
        174.62857055664062,
        159.2857208251953
      ],
      [
        155.9736785888672,
        170.92105102539062,
        154.5
      ],
      [
        169.1764678955078,
        186.7058868408203,
        170.64706420898438
      ]
    ],
    [
      [
        158.5869598388672,
        172.13043212890625,
        156.69564819335938
      ],
      [
        153.42308044433594,
        165.46153259277344,
        149.96153259277344
      ],
      [
        152.2857208251953,
        164.57142639160156,
        148.45713806152344
      ],
      [
        157.8113250732422,
        170.6792449951172,
        154.77359008789062
      ],
      [
        153.41175842285156,
        165.19607543945312,
        149.3333282470703
      ],
      [
        152.66000366210938,
        165.5399932861328,
        148.3000030517578
      ],
      [
        156.5,
        168.71153259277344,
        153.67308044433594
      ],
      [
        161.13888549804688,
        175.1666717529297,
        159.11111450195312
      ],
      [
